Device ID,Time [UTC+00:00],PM1 1-Hour Mean Mass Concentration Calibrated [ug/m3],PM1 1-Hour Mean Mass Concentration Raw [ug/m3],PM1 1-Hour Mean Number Concentration [#/cm3],PM2.5 1-Hour Mean Mass Concentration Calibrated [ug/m3],PM2.5 1-Hour Mean Mass Concentration Raw [ug/m3],PM2.5 1-Hour Mean Number Concentration [#/cm3],PM2.5 NowCast Mass Concentration [ug/m3],PM2.5 NowCast AQI (US EPA),PM2.5 24-Hour Rolling Mean Mass Concentration Calibrated [ug/m3],PM2.5 24-Hour Rolling Mean Mass Concentration Raw [ug/m3],PM2.5 24-Hour Rolling Mean Number Concentration [#/cm3],PM2.5 1-Hour Mean AQI (WA DWER),PM10 1-Hour Mean Mass Concentration Calibrated [ug/m3],PM10 1-Hour Mean Mass Concentration Raw [ug/m3],PM10 1-Hour Mean Number Concentration [#/cm3],PM10 24-Hour Rolling Mean Mass Concentration Calibrated [ug/m3],PM10 24-Hour Rolling Mean Mass Concentration Raw [ug/m3],PM10 24-Hour Rolling Mean Number Concentration [#/cm3],PM10 1-Hour Mean AQI (WA DWER),NO2 1-Hour Mean Concentration Calibrated [ppb],NO2 1-Hour Mean Concentration Raw [ppb],NO2 1-Hour Mean AQI (US EPA),NO2 1-Hour Mean AQI (WA DWER),O3 1-Hour Mean Concentration Raw [ppb],Temperature Internal 1-Hour Mean [degC],Rel. Humidity Internal 1-Hour Mean [%],Wind Speed 1-Hour Mean [m/s],Wind Direction 1-Hour Mean [degrees],latitude,longitude
A5H2PCSZ,2022-11-07T10:00:00.000Z,,31.06,67.86,,54.99,73.08,,140,,33.3,37.42,55,,71.32,74,,37.84,37.73,71,,5.42,5,5,,24.11,46.06,,,44.797027,20.528377
AY1R2WBZ,2022-11-07T10:00:00.000Z,,52.51,114.33,,91.78,121.41,,168,,84.07,105.66,92,,121.22,122.78,,104.61,106.76,121,,14.68,14,15,,20.42,54.98,,,43.0671684,22.4085712
A0VTV4M9,2022-11-07T10:00:00.000Z,,,,,,,,,,62.36,52.3,,,,,,89.47,53.09,,,,,,,,,,,44.010408,20.91121
A3QK8XR1,2022-11-07T10:00:00.000Z,,28.65,54.24,,49.14,58.08,,135,,39.05,43.22,49,,72.92,58.92,,57.76,43.8,73,,8.67,8,9,,21.83,51.61,,,44.010408,20.91121
AHVMMMWN,2022-11-07T10:00:00.000Z,,29.09,47.84,,50.91,51.14,,158,,120.8,124.71,51,,64.29,51.62,,157.73,126.17,64,,-3.22,,,,16.18,68.26,,,43.0671684,22.4085712
A2027ZB9,2022-11-07T10:00:00.000Z,,42.31,67.73,,83.35,73.05,,162,,65.68,49.8,83,,121.17,74.46,,91.51,50.7,121,,13.79,13,14,,13.69,82,,,44.797027,20.528377
A9YQLGCC,2022-11-07T10:00:00.000Z,,22.75,31.84,,40.83,34.17,,129,,47.9,42.32,41,,54.66,34.6,,64.26,42.78,55,,4.85,5,5,,14.94,71.29,,,42.5366089,20.2955676
AC8QFXSV,2022-11-07T10:00:00.000Z,,1.88,4.59,,4.85,4.8,,22,,7.52,6.56,5,,6.5,4.86,,10.57,6.64,6,,5.76,5,6,,12.07,72.35,,,43.27359823,20.00230503
AQVRLJYL,2022-11-07T10:00:00.000Z,,,,,,,,,,,,,,,,,,,,,6.45,6,6,,14.25,81.16,,,44.664514,20.928384
ABZ0QQ65,2022-11-07T10:00:00.000Z,,20.61,37.41,,35.04,39.86,,94,,32.25,35.66,35,,43.96,40.2,,38.87,35.96,44,,6.8,6,7,,25.73,40.22,,,44.664514,20.928384
RNVM05M6,2022-11-07T10:00:00.000Z,,,,,,,,,,,,,,,,,,,,,11.35,11,11,2.77,,,,,44.796959,20.475288
RQMLY1RN,2022-11-07T10:00:00.000Z,,,,,,,,,,,,,,,,,,,,,13.56,13,14,,,,,,44.011573,20.925031
RH91V0ZQ,2022-11-07T10:00:00.000Z,,,,,,,,,,,,,,,,,,,,,4.54,4,5,,,,,,44.652336,20.931675
RQCHFQWB,2022-11-07T10:00:00.000Z,,,,,38.03,,,97,,25.04,,38,,44.55,,,26.73,,45,,8.46,8,8,,,,,,44.798746,20.450184
RV7PD1M1,2022-11-07T10:00:00.000Z,,,,,29.95,,,87,,25.16,,30,,33.59,,,26.02,,34,,,,,,,,,,44.664084,20.926729
RMQF0HMT,2022-11-07T10:00:00.000Z,,,,,43.71,,,112,,34.51,,44,,55.84,,,42.6,,56,,8.09,8,8,2.41,,,,,44.82112,20.459113
A5H2PCSZ,2022-11-07T09:00:00.000Z,,28.79,60.31,,48.52,64.52,,132,,32.01,35.47,49,,63.01,65.17,,35.94,35.75,63,,4.62,4,5,,23.79,45.55,,,44.797027,20.528377
A0VTV4M9,2022-11-07T09:00:00.000Z,,35.57,51.43,,64,55.25,,,,62.36,52.3,64,,93.51,56.2,,89.47,53.09,94,,10.05,9,10,,13.34,79.91,,,44.010408,20.91121
AQVRLJYL,2022-11-07T09:00:00.000Z,,,,,,,,,,,,,,,,,,,,,5.67,5,6,,13.6,82.46,,,44.664514,20.928384
ABZ0QQ65,2022-11-07T09:00:00.000Z,,19.8,35.86,,34.46,38.11,,93,,31.98,35.32,34,,43.17,38.48,,38.38,35.61,43,,6.02,6,6,,25.53,40.36,,,44.664514,20.928384
AY1R2WBZ,2022-11-07T09:00:00.000Z,,67.55,140.4,,121.44,150.12,,167,,83.42,104.74,121,,170.93,152.01,,103.34,105.82,171,,16.94,16,17,,20.08,54.82,,,43.0671684,22.4085712
A3QK8XR1,2022-11-07T09:00:00.000Z,,34.09,72.09,,59.39,77.16,,136,,37.81,41.7,59,,85.43,78.18,,55.82,42.25,85,,7.18,7,7,,21.97,50.35,,,44.010408,20.91121
AC8QFXSV,2022-11-07T09:00:00.000Z,,3.47,6.57,,7.36,6.82,,23,,7.41,6.46,7,,10.23,6.89,,10.43,6.54,10,,6.53,6,7,,10.64,74.93,,,43.27359823,20.00230503
AHVMMMWN,2022-11-07T09:00:00.000Z,,47.15,87.41,,87.8,93.42,,167,,123.96,128.4,88,,105.69,94.33,,161.61,129.91,106,,4.23,4,4,,13.37,78.11,,,43.0671684,22.4085712
A9YQLGCC,2022-11-07T09:00:00.000Z,,23.62,32.16,,42.29,34.53,,136,,47.19,41.82,42,,56.78,34.97,,63.17,42.27,57,,4.75,4,5,,14.29,73.36,,,42.5366089,20.2955676
A2027ZB9,2022-11-07T09:00:00.000Z,,46.9,80.15,,87.93,85.52,,162,,64.94,48.83,88,,117.52,86.79,,90.31,49.71,118,,13.92,13,14,,13.51,82.34,,,44.797027,20.528377
RQCHFQWB,2022-11-07T09:00:00.000Z,,,,,34.42,,,88,,24.55,,34,,42.35,,,26.01,,42,,7.96,8,8,,,,,,44.798746,20.450184
RV7PD1M1,2022-11-07T09:00:00.000Z,,,,,28.8,,,85,,25,,29,,32.19,,,25.74,,32,,,,,,,,,,44.664084,20.926729
RNVM05M6,2022-11-07T09:00:00.000Z,,,,,,,,,,,,,,,,,,,,,12.82,12,13,2.71,,,,,44.796959,20.475288
RMQF0HMT,2022-11-07T09:00:00.000Z,,,,,39.85,,,102,,33.84,,40,,50.8,,,41.95,,51,,7.25,7,7,2.54,,,,,44.82112,20.459113
RH91V0ZQ,2022-11-07T09:00:00.000Z,,,,,,,,,,,,,,,,,,,,,3.92,4,4,,,,,,44.652336,20.931675
RQMLY1RN,2022-11-07T09:00:00.000Z,,,,,,,,,,,,,,,,,,,,,9.58,9,10,,,,,,44.011573,20.925031
A5H2PCSZ,2022-11-07T08:00:00.000Z,,28.41,60.56,,50.3,64.72,,130,,30.9,33.83,50,,62.73,65.39,,34.31,34.09,63,,3.52,3,4,,23.89,44.83,,,44.797027,20.528377
AQVRLJYL,2022-11-07T08:00:00.000Z,,,,,,,,,,,,,,,,,,,,,7.04,7,7,,13.22,83.65,,,44.664514,20.928384
A9YQLGCC,2022-11-07T08:00:00.000Z,,27.5,37.29,,48.91,40.1,,142,,46.71,41.48,49,,68.14,40.65,,62.35,41.91,68,,6.87,6,7,,13.17,77.8,,,42.5366089,20.2955676
A2027ZB9,2022-11-07T08:00:00.000Z,,37,53.44,,70.61,57.43,,157,,64.11,47.42,71,,98.25,58.45,,89.37,48.28,98,,13.44,13,13,,13.11,82.6,,,44.797027,20.528377
A0VTV4M9,2022-11-07T08:00:00.000Z,,,,,,,,,,58.69,47.99,,,,,,82.5,48.68,,,,,,,,,,,44.010408,20.91121
ABZ0QQ65,2022-11-07T08:00:00.000Z,,19.48,34.6,,33.21,36.83,,93,,31.78,35.08,33,,40.68,37.14,,38,35.36,41,,5.76,5,6,,25.29,40.61,,,44.664514,20.928384
AHVMMMWN,2022-11-07T08:00:00.000Z,,45.03,80.41,,83.68,86,,166,,125.56,130.17,84,,107.57,86.98,,163.83,131.7,108,,8.76,8,9,,10.94,84.76,,,43.0671684,22.4085712
AY1R2WBZ,2022-11-07T08:00:00.000Z,,30.58,55.38,,51.04,58.74,,141,,81.03,101.93,51,,65.68,59.32,,99.61,102.96,66,,11.22,11,11,,19.78,52.75,,,43.0671684,22.4085712
AC8QFXSV,2022-11-07T08:00:00.000Z,,0.94,3.61,,3.78,3.76,,15,,7.14,6.23,4,,5.51,3.82,,10.07,6.31,6,,9.91,9,10,,9.05,78.07,,,43.27359823,20.00230503
A3QK8XR1,2022-11-07T08:00:00.000Z,,27.1,50.69,,47.33,54.31,,116,,35.81,39.08,47,,71.01,55.17,,52.95,39.6,71,,8.22,8,8,,21.99,51.11,,,44.010408,20.91121
RMQF0HMT,2022-11-07T08:00:00.000Z,,,,,39.04,,,95,,33.34,,39,,49.28,,,41.48,,49,,7.16,7,7,2.56,,,,,44.82112,20.459113
RH91V0ZQ,2022-11-07T08:00:00.000Z,,,,,,,,,,,,,,,,,,,,,4.18,4,4,,,,,,44.652336,20.931675
RQCHFQWB,2022-11-07T08:00:00.000Z,,,,,29.58,,,80,,24.02,,30,,36.28,,,25.18,,36,,8.84,8,9,,,,,,44.798746,20.450184
RQMLY1RN,2022-11-07T08:00:00.000Z,,,,,,,,,,,,,,,,,,,,,9.27,9,9,,,,,,44.011573,20.925031
RV7PD1M1,2022-11-07T08:00:00.000Z,,,,,27.75,,,85,,24.79,,28,,29,,,25.41,,29,,,,,,,,,,44.664084,20.926729
RNVM05M6,2022-11-07T08:00:00.000Z,,,,,,,,,,,,,,,,,,,,,11.17,11,11,2.55,,,,,44.796959,20.475288
A5H2PCSZ,2022-11-07T07:00:00.000Z,,37.63,80.45,,59.97,85.42,,123,,29.74,32.17,60,,70.12,85.99,,32.71,32.4,70,,3.71,4,4,,24.1,44.79,,,44.797027,20.528377
A9YQLGCC,2022-11-07T07:00:00.000Z,,30.89,44.61,,55.74,47.92,,144,,46.41,41.33,56,,78.73,48.57,,61.78,41.75,79,,8.93,8,9,,11.99,82.59,,,42.5366089,20.2955676
AC8QFXSV,2022-11-07T07:00:00.000Z,,0.75,3.06,,3.57,3.18,,15,,7.06,6.16,4,,5.04,3.24,,9.95,6.24,5,,15.04,14,15,,7.48,82.77,,,43.27359823,20.00230503
A3QK8XR1,2022-11-07T07:00:00.000Z,,23.98,42,,42.81,45.02,,111,,34.31,37.37,43,,66.23,45.76,,50.65,37.85,66,,6.94,7,7,,21.84,49.85,,,44.010408,20.91121
AQVRLJYL,2022-11-07T07:00:00.000Z,,,,,,,,,,,,,,,,,,,,,6.71,6,7,,12.86,84.04,,,44.664514,20.928384
A2027ZB9,2022-11-07T07:00:00.000Z,,39.91,59.32,,72.96,63.53,,156,,63.88,47.1,73,,103.42,64.54,,89.02,47.96,103,,15.22,14,15,,12.68,83.48,,,44.797027,20.528377
AY1R2WBZ,2022-11-07T07:00:00.000Z,,30.59,54.05,,50.67,57.23,,142,,81.33,102.53,51,,66.23,57.78,,100.04,103.57,66,,11.21,11,11,,19.16,52.39,,,43.0671684,22.4085712
A0VTV4M9,2022-11-07T07:00:00.000Z,,,,,,,,,,58.69,47.99,,,,,,82.5,48.68,,,,,,,,,,,44.010408,20.91121
AHVMMMWN,2022-11-07T07:00:00.000Z,,47.1,82.58,,87.64,88.2,,166,,126.27,130.81,88,,112.45,89.24,,164.71,132.36,112,,9.28,9,9,,10.04,86.28,,,43.0671684,22.4085712
ABZ0QQ65,2022-11-07T07:00:00.000Z,,18.82,33.2,,31.1,35.21,,92,,31.62,34.9,31,,37.46,35.48,,37.73,35.18,37,,4.18,4,4,,25.17,40.66,,,44.664514,20.928384
RNVM05M6,2022-11-07T07:00:00.000Z,,,,,,,,,,,,,,,,,,,,,8.47,8,8,2.38,,,,,44.796959,20.475288
RV7PD1M1,2022-11-07T07:00:00.000Z,,,,,33.56,,,86,,24.6,,34,,33.78,,,25.17,,34,,,,,,,,,,44.664084,20.926729
RMQF0HMT,2022-11-07T07:00:00.000Z,,,,,32.24,,,83,,32.85,,32,,42.95,,,41.06,,43,,7.34,7,7,1.93,,,,,44.82112,20.459113
RQCHFQWB,2022-11-07T07:00:00.000Z,,,,,26.62,,,76,,23.74,,27,,29.45,,,24.67,,29,,10.04,9,10,,,,,,44.798746,20.450184
RH91V0ZQ,2022-11-07T07:00:00.000Z,,,,,,,,,,,,,,,,,,,,,4.55,4,5,,,,,,44.652336,20.931675
RQMLY1RN,2022-11-07T07:00:00.000Z,,,,,,,,,,,,,,,,,,,,,9.42,9,9,,,,,,44.011573,20.925031
A5H2PCSZ,2022-11-07T06:00:00.000Z,,15.93,26.28,,28.74,28.14,,87,,28.23,29.72,29,,31.22,28.37,,30.84,29.94,31,,3.52,3,4,,23.85,44.79,,,44.797027,20.528377
AC8QFXSV,2022-11-07T06:00:00.000Z,,0.73,3.02,,3.17,3.15,,14,,6.96,6.08,3,,4.95,3.2,,9.8,6.16,5,,11.6,11,12,,6.9,81.31,,,43.27359823,20.00230503
AHVMMMWN,2022-11-07T06:00:00.000Z,,46.23,76.71,,84.49,81.81,,165,,126.3,130.68,84,,110.54,82.82,,164.87,132.23,111,,9.92,9,10,,9.5,86.89,,,43.0671684,22.4085712
ABZ0QQ65,2022-11-07T06:00:00.000Z,,18.16,31.46,,30.88,33.38,,93,,31.53,34.78,31,,37.26,33.68,,37.51,35.05,37,,4.25,4,4,,24.4,41.77,,,44.664514,20.928384
A9YQLGCC,2022-11-07T06:00:00.000Z,,32.08,45.31,,57.25,48.71,,143,,46.07,41.1,57,,81.36,49.4,,61.16,41.51,81,,10.59,10,11,,11.23,85.36,,,42.5366089,20.2955676
A3QK8XR1,2022-11-07T06:00:00.000Z,,21.64,36.2,,38.97,38.69,,108,,33.04,36.08,39,,64.54,39.49,,48.58,36.54,65,,5.92,6,6,,21.74,49.01,,,44.010408,20.91121
A0VTV4M9,2022-11-07T06:00:00.000Z,,,,,,,,,,58.69,47.99,,,,,,82.5,48.68,,,,,,,,,,,44.010408,20.91121
AQVRLJYL,2022-11-07T06:00:00.000Z,,,,,,,,,,,,,,,,,,,,,6.69,6,7,,12.2,85.33,,,44.664514,20.928384
AY1R2WBZ,2022-11-07T06:00:00.000Z,,29.64,51.18,,49.55,54.32,,146,,81.47,102.9,50,,64.53,54.83,,100.18,103.94,65,,9.2,9,9,,18.6,51.91,,,43.0671684,22.4085712
A2027ZB9,2022-11-07T06:00:00.000Z,,35.38,48.29,,67.13,51.93,,154,,63.67,46.63,67,,97.21,52.87,,88.64,47.49,97,,15.8,15,16,,12.45,83.81,,,44.797027,20.528377
RV7PD1M1,2022-11-07T06:00:00.000Z,,,,,29.36,,,78,,24.1,,29,,29.89,,,24.69,,30,,,,,,,,,,44.664084,20.926729
RH91V0ZQ,2022-11-07T06:00:00.000Z,,,,,,,,,,,,,,,,,,,,,3.66,3,4,,,,,,44.652336,20.931675
RMQF0HMT,2022-11-07T06:00:00.000Z,,,,,27.99,,,78,,32.6,,28,,34.01,,,40.8,,34,,7.61,7,8,2.05,,,,,44.82112,20.459113
RQMLY1RN,2022-11-07T06:00:00.000Z,,,,,,,,,,,,,,,,,,,,,8.35,8,8,,,,,,44.011573,20.925031
RQCHFQWB,2022-11-07T06:00:00.000Z,,,,,25.13,,,73,,23.62,,25,,27.03,,,24.48,,27,,11.44,11,11,,,,,,44.798746,20.450184
RNVM05M6,2022-11-07T06:00:00.000Z,,,,,,,,,,,,,,,,,,,,,8.89,8,9,2.62,,,,,44.796959,20.475288
A5H2PCSZ,2022-11-07T05:00:00.000Z,,16.88,26.45,,29.25,28.49,,87,,28.13,29.74,29,,31.93,28.73,,30.71,29.95,32,,5.32,5,5,,23.28,45.52,,,44.797027,20.528377
AHVMMMWN,2022-11-07T05:00:00.000Z,,38.77,58.43,,69.62,62.65,,163,,126.4,130.83,70,,99.77,63.6,,165.07,132.38,100,,8.48,8,8,,9.57,86.71,,,43.0671684,22.4085712
AY1R2WBZ,2022-11-07T05:00:00.000Z,,31.86,56.95,,54.69,60.51,,152,,81.66,103.39,55,,72.59,61.23,,100.4,104.43,73,,9.67,9,10,,18.33,51.86,,,43.0671684,22.4085712
A2027ZB9,2022-11-07T05:00:00.000Z,,30.5,38.99,,61.59,42.15,,154,,63.53,46.42,62,,86,42.97,,88.19,47.26,86,,14.72,14,15,,12.37,83.26,,,44.797027,20.528377
AC8QFXSV,2022-11-07T05:00:00.000Z,,0.6,2.64,,2.32,2.75,,16,,6.88,6.02,2,,4.03,2.8,,9.66,6.09,4,,12.91,12,13,,7.31,82.45,,,43.27359823,20.00230503
ABZ0QQ65,2022-11-07T05:00:00.000Z,,17.4,30.33,,29.69,32.15,,93,,31.46,34.75,30,,34.24,32.42,,37.35,35.02,34,,6.31,6,6,,23.02,44.09,,,44.664514,20.928384
AQVRLJYL,2022-11-07T05:00:00.000Z,,,,,,,,,,,,,,,,,,,,,9.01,8,9,,11.46,87.99,,,44.664514,20.928384
A9YQLGCC,2022-11-07T05:00:00.000Z,,28.73,37.86,,52.11,40.75,,140,,45.36,40.45,52,,74.64,41.33,,59.93,40.84,75,,10.5,10,10,,10.95,85.78,,,42.5366089,20.2955676
A0VTV4M9,2022-11-07T05:00:00.000Z,,30.2,37.04,,57.2,39.91,,,,58.69,47.99,57,,92.71,40.81,,82.5,48.68,93,,17.01,16,17,,11.36,85.89,,,44.010408,20.91121
A3QK8XR1,2022-11-07T05:00:00.000Z,,20.23,33.08,,36.62,35.36,,106,,32.1,35.2,37,,60.23,36.05,,46.75,35.64,60,,5.26,5,5,,21.56,48.82,,,44.010408,20.91121
RH91V0ZQ,2022-11-07T05:00:00.000Z,,,,,,,,,,,,,,,,,,,,,4.19,4,4,,,,,,44.652336,20.931675
RQCHFQWB,2022-11-07T05:00:00.000Z,,,,,23.85,,,72,,23.5,,24,,25.4,,,24.29,,25,,10.6,10,11,,,,,,44.798746,20.450184
RV7PD1M1,2022-11-07T05:00:00.000Z,,,,,25.53,,,72,,23.7,,26,,25.83,,,24.27,,26,,,,,,,,,,44.664084,20.926729
RNVM05M6,2022-11-07T05:00:00.000Z,,,,,,,,,,,,,,,,,,,,,7.44,7,7,2.27,,,,,44.796959,20.475288
RMQF0HMT,2022-11-07T05:00:00.000Z,,,,,25.48,,,76,,32.48,,25,,29.68,,,40.8,,30,,6.69,6,7,1.83,,,,,44.82112,20.459113
RQMLY1RN,2022-11-07T05:00:00.000Z,,,,,,,,,,,,,,,,,,,,,8.35,8,8,,,,,,44.011573,20.925031
A5H2PCSZ,2022-11-07T04:00:00.000Z,,17.07,27.56,,30.72,29.7,,87,,28.09,29.8,31,,34.51,29.97,,30.63,30.01,35,,6.42,6,6,,22.74,46.19,,,44.797027,20.528377
AY1R2WBZ,2022-11-07T04:00:00.000Z,,32.9,59.98,,56.13,63.85,,154,,81.64,103.64,56,,75.35,64.57,,100.27,104.67,75,,8.33,8,8,,18.31,51.42,,,43.0671684,22.4085712
A0VTV4M9,2022-11-07T04:00:00.000Z,,,,,,,,,,55.68,45.45,,,,,,74.52,46.05,,,,,,,,,,,44.010408,20.91121
A3QK8XR1,2022-11-07T04:00:00.000Z,,20.65,33.64,,36.36,35.93,,108,,31.42,34.57,36,,59.04,36.6,,45.34,34.98,59,,5.45,5,5,,21.47,48.86,,,44.010408,20.91121
AHVMMMWN,2022-11-07T04:00:00.000Z,,52.27,87.02,,94.93,92.79,,168,,126.5,131.07,95,,130.4,93.96,,165.05,132.61,130,,9.74,9,10,,9.82,86.15,,,43.0671684,22.4085712
A2027ZB9,2022-11-07T04:00:00.000Z,,29.13,36.65,,60.86,39.71,,153,,63.46,46.45,61,,85.77,40.57,,87.97,47.29,86,,15.07,14,15,,12.36,83.37,,,44.797027,20.528377
A9YQLGCC,2022-11-07T04:00:00.000Z,,26.12,34.2,,49.56,36.9,,139,,45.14,40.39,50,,68.87,37.46,,59.38,40.78,69,,10.25,10,10,,11.02,85.46,,,42.5366089,20.2955676
AC8QFXSV,2022-11-07T04:00:00.000Z,,1.59,3.73,,3.35,3.84,,22,,6.86,5.99,3,,3.87,3.89,,9.62,6.07,4,,13.42,13,13,,7.63,82.79,,,43.27359823,20.00230503
AQVRLJYL,2022-11-07T04:00:00.000Z,,,,,,,,,,48.89,21.03,,,,,,86.88,21.44,,,8.34,8,8,,11.59,86.18,,,44.664514,20.928384
ABZ0QQ65,2022-11-07T04:00:00.000Z,,18.1,31.16,,30.42,33.14,,94,,31.47,34.8,30,,34.64,33.39,,37.33,35.07,35,,8.11,8,8,,21.8,46.32,,,44.664514,20.928384
RQCHFQWB,2022-11-07T04:00:00.000Z,,,,,20.89,,,71,,23.36,,21,,21.54,,,24.11,,22,,6.45,6,6,,,,,,44.798746,20.450184
RMQF0HMT,2022-11-07T04:00:00.000Z,,,,,22.6,,,74,,32.47,,23,,26.55,,,40.92,,27,,5.3,5,5,2.39,,,,,44.82112,20.459113
RH91V0ZQ,2022-11-07T04:00:00.000Z,,,,,,,,,,,,,,,,,,,,,3.7,3,4,,,,,,44.652336,20.931675
RNVM05M6,2022-11-07T04:00:00.000Z,,,,,,,,,,,,,,,,,,,,,6.33,6,6,2.54,,,,,44.796959,20.475288
RQMLY1RN,2022-11-07T04:00:00.000Z,,,,,,,,,,,,,,,,,,,,,8.28,8,8,,,,,,44.011573,20.925031
RV7PD1M1,2022-11-07T04:00:00.000Z,,,,,22.09,,,71,,23.43,,22,,22.7,,,23.99,,23,,,,,,,,,,44.664084,20.926729
A5H2PCSZ,2022-11-07T03:00:00.000Z,,17.48,28.13,,29.8,30.15,,87,,28.02,29.81,30,,32.9,30.39,,30.5,30.02,33,,6.36,6,6,,22.72,46.15,,,44.797027,20.528377
A0VTV4M9,2022-11-07T03:00:00.000Z,,,,,,,,,,55.68,45.45,,,,,,74.52,46.05,,,,,,,,,,,44.010408,20.91121
AQVRLJYL,2022-11-07T03:00:00.000Z,,,,,,,,,,48.89,21.03,,,,,,86.88,21.44,,,6.67,6,7,,11.7,84.73,,,44.664514,20.928384
ABZ0QQ65,2022-11-07T03:00:00.000Z,,18.84,33.05,,32.21,35.29,,95,,31.44,34.83,32,,39,35.6,,37.31,35.1,39,,12.96,12,13,,19.75,50.76,,,44.664514,20.928384
AY1R2WBZ,2022-11-07T03:00:00.000Z,,34.32,64.76,,58.44,68.98,,158,,81.64,103.97,58,,78.02,69.79,,100.16,105,78,,8.03,8,8,,18.34,51.25,,,43.0671684,22.4085712
A3QK8XR1,2022-11-07T03:00:00.000Z,,20.59,33.62,,35.5,35.81,,109,,30.82,33.98,36,,55.02,36.35,,44.17,34.37,55,,5.64,5,6,,21.5,48.71,,,44.010408,20.91121
AC8QFXSV,2022-11-07T03:00:00.000Z,,0.98,2.96,,2.75,3.05,,29,,6.77,5.88,3,,3.9,3.1,,9.51,5.96,4,,13.21,12,13,,7.92,82.75,,,43.27359823,20.00230503
AHVMMMWN,2022-11-07T03:00:00.000Z,,41,64.61,,76.22,69.4,,165,,125.45,129.89,76,,105.25,70.39,,163.64,131.42,105,,8.77,8,9,,9.74,85.18,,,43.0671684,22.4085712
A9YQLGCC,2022-11-07T03:00:00.000Z,,26.89,35,,50.26,37.83,,139,,44.71,40.15,50,,71.25,38.43,,58.56,40.53,71,,9.78,9,10,,11.03,84.78,,,42.5366089,20.2955676
A2027ZB9,2022-11-07T03:00:00.000Z,,28.13,34.62,,57.94,37.48,,153,,63.7,46.94,58,,80.24,38.24,,88.19,47.78,80,,13.6,13,14,,12.33,83.04,,,44.797027,20.528377
RQCHFQWB,2022-11-07T03:00:00.000Z,,,,,20.17,,,71,,23.32,,20,,20.82,,,24.06,,21,,4.66,4,5,,,,,,44.798746,20.450184
RMQF0HMT,2022-11-07T03:00:00.000Z,,,,,23.22,,,75,,32.49,,23,,26.59,,,41.03,,27,,4.35,4,4,3.92,,,,,44.82112,20.459113
RH91V0ZQ,2022-11-07T03:00:00.000Z,,,,,,,,,,,,,,,,,,,,,3.43,3,3,,,,,,44.652336,20.931675
RNVM05M6,2022-11-07T03:00:00.000Z,,,,,,,,,,,,,,,,,,,,,4.25,4,4,5.86,,,,,44.796959,20.475288
RV7PD1M1,2022-11-07T03:00:00.000Z,,,,,20.92,,,70,,23.16,,21,,21.86,,,23.7,,22,,,,,,,,,,44.664084,20.926729
RQMLY1RN,2022-11-07T03:00:00.000Z,,,,,,,,,,,,,,,,,,,,,5.98,6,6,,,,,,44.011573,20.925031
A5H2PCSZ,2022-11-07T02:00:00.000Z,,17.12,27.36,,29.75,29.27,,87,,27.92,29.8,30,,32.29,29.52,,30.37,30.01,32,,6.48,6,6,,22.98,45.82,,,44.797027,20.528377
AQVRLJYL,2022-11-07T02:00:00.000Z,,,,,,,,,,48.89,21.03,,,,,,86.88,21.44,,,6.67,6,7,,11.62,85.14,,,44.664514,20.928384
A9YQLGCC,2022-11-07T02:00:00.000Z,,28.1,36.6,,50.81,39.45,,140,,44.38,39.98,51,,70.15,39.95,,57.94,40.35,70,,9.59,9,10,,10.83,85.61,,,42.5366089,20.2955676
A2027ZB9,2022-11-07T02:00:00.000Z,,28.53,35.19,,58.71,38.18,,154,,64.25,47.98,59,,80.2,38.94,,88.86,48.82,80,,13.51,13,14,,12.36,83.07,,,44.797027,20.528377
A0VTV4M9,2022-11-07T02:00:00.000Z,,,,,,,,,,55.68,45.45,,,,,,74.52,46.05,,,,,,,,,,,44.010408,20.91121
ABZ0QQ65,2022-11-07T02:00:00.000Z,,19.33,34.26,,33.24,36.57,,95,,31.39,34.85,33,,40.29,36.86,,37.19,35.12,40,,13.98,13,14,,19.36,51.69,,,44.664514,20.928384
AHVMMMWN,2022-11-07T02:00:00.000Z,,40.06,62.21,,70.61,66.53,,168,,125.14,129.69,71,,96.98,67.33,,163.2,131.2,97,,7.53,7,8,,9.87,83.69,,,43.0671684,22.4085712
AY1R2WBZ,2022-11-07T02:00:00.000Z,,37.97,76.63,,65.41,81.58,,164,,81.81,104.66,65,,84.52,82.48,,100.26,105.68,85,,8.46,8,8,,18.37,51.28,,,43.0671684,22.4085712
AC8QFXSV,2022-11-07T02:00:00.000Z,,5.98,9.22,,11.54,9.6,,47,,6.72,5.83,12,,16.55,9.71,,9.44,5.9,17,,15.95,15,16,,7.86,84.15,,,43.27359823,20.00230503
A3QK8XR1,2022-11-07T02:00:00.000Z,,22.26,37.2,,37.87,39.53,,114,,30.35,33.51,38,,56.39,40.05,,43.17,33.89,56,,4.93,5,5,,21.59,48.46,,,44.010408,20.91121
RMQF0HMT,2022-11-07T02:00:00.000Z,,,,,22.91,,,76,,32.55,,23,,25.37,,,41.21,,25,,3.62,3,4,4.82,,,,,44.82112,20.459113
RQCHFQWB,2022-11-07T02:00:00.000Z,,,,,20.01,,,72,,23.36,,20,,20.53,,,24.08,,21,,4.65,4,5,,,,,,44.798746,20.450184
RV7PD1M1,2022-11-07T02:00:00.000Z,,,,,21.88,,,71,,22.91,,22,,22.35,,,23.42,,22,,,,,,,,,,44.664084,20.926729
RNVM05M6,2022-11-07T02:00:00.000Z,,,,,,,,,,,,,,,,,,,,,3.6,3,4,7.81,,,,,44.796959,20.475288
RH91V0ZQ,2022-11-07T02:00:00.000Z,,,,,,,,,,,,,,,,,,,,,3.26,3,3,,,,,,44.652336,20.931675
RQMLY1RN,2022-11-07T02:00:00.000Z,,,,,,,,,,,,,,,,,,,,,5.41,5,5,,,,,,44.011573,20.925031
A5H2PCSZ,2022-11-07T01:00:00.000Z,,17.13,27.65,,29.18,29.5,,87,,27.85,29.8,29,,32.02,29.75,,30.26,30.01,32,,5.54,5,6,,23.33,45.4,,,44.797027,20.528377
A9YQLGCC,2022-11-07T01:00:00.000Z,,27.94,36.26,,48.68,38.87,,137,,44.37,40.05,49,,65.14,39.27,,57.9,40.42,65,,9.81,9,10,,10.67,86.01,,,42.5366089,20.2955676
AC8QFXSV,2022-11-07T01:00:00.000Z,,3.59,6.27,,8.13,6.55,,46,,6.29,5.49,8,,10.97,6.63,,8.82,5.56,11,,15.99,15,16,,7.77,83.83,,,43.27359823,20.00230503
A3QK8XR1,2022-11-07T01:00:00.000Z,,24.9,44.27,,42.55,47.1,,119,,29.78,32.88,43,,63.32,47.74,,42.18,33.25,63,,5.33,5,5,,21.71,48.29,,,44.010408,20.91121
AQVRLJYL,2022-11-07T01:00:00.000Z,,,,,,,,,,48.89,21.03,,,,,,86.88,21.44,,,6.35,6,6,,11.68,84.47,,,44.664514,20.928384
A2027ZB9,2022-11-07T01:00:00.000Z,,31.42,40.86,,62.7,44.09,,154,,65.51,49.42,63,,86.11,44.93,,90.56,50.27,86,,14.19,13,14,,12.37,83.17,,,44.797027,20.528377
AY1R2WBZ,2022-11-07T01:00:00.000Z,,42.83,92.71,,79.59,98.69,,172,,81.95,105.19,80,,97.42,99.77,,100.28,106.21,97,,8.92,8,9,,18.39,51.29,,,43.0671684,22.4085712
A0VTV4M9,2022-11-07T01:00:00.000Z,,30.97,39,,54.91,41.73,,,,55.03,43.57,55,,77.96,42.33,,73.95,44.18,78,,14.92,14,15,,11.51,84.25,,,44.010408,20.91121
AHVMMMWN,2022-11-07T01:00:00.000Z,,43.9,72.36,,81.65,77.65,,177,,126.28,131.15,82,,113.47,78.67,,164.48,132.68,113,,9.2,9,9,,9.94,85.36,,,43.0671684,22.4085712
ABZ0QQ65,2022-11-07T01:00:00.000Z,,19.49,34.4,,32.55,36.6,,95,,31.34,34.83,33,,38.64,36.88,,37.07,35.1,39,,13.63,13,14,,19.4,51.65,,,44.664514,20.928384
RMQF0HMT,2022-11-07T01:00:00.000Z,,,,,24.41,,,79,,32.64,,24,,26.83,,,41.48,,27,,4.33,4,4,3.76,,,,,44.82112,20.459113
RV7PD1M1,2022-11-07T01:00:00.000Z,,,,,20.92,,,70,,22.69,,21,,21.26,,,23.18,,21,,,,,,,,,,44.664084,20.926729
RQMLY1RN,2022-11-07T01:00:00.000Z,,,,,,,,,,,,,,,,,,,,,5.7,5,6,,,,,,44.011573,20.925031
RQCHFQWB,2022-11-07T01:00:00.000Z,,,,,22.93,,,74,,23.43,,23,,23.4,,,24.16,,23,,5.24,5,5,,,,,,44.798746,20.450184
RNVM05M6,2022-11-07T01:00:00.000Z,,,,,,,,,,,,,,,,,,,,,4.77,4,5,5.6,,,,,44.796959,20.475288
RH91V0ZQ,2022-11-07T01:00:00.000Z,,,,,,,,,,,,,,,,,,,,,3.38,3,3,,,,,,44.652336,20.931675
A5H2PCSZ,2022-11-07T00:00:00.000Z,,16.79,27.45,,28.84,29.3,,87,,27.82,29.86,29,,31.77,29.53,,30.21,30.07,32,,5.32,5,5,,23.8,44.84,,,44.797027,20.528377
AC8QFXSV,2022-11-07T00:00:00.000Z,,9.8,14.08,,18.47,14.68,,55,,6.01,5.28,18,,24.29,14.84,,8.43,5.35,24,,16.67,16,17,,7.66,83.87,,,43.27359823,20.00230503
AHVMMMWN,2022-11-07T00:00:00.000Z,,49.57,88.69,,100.34,95.23,,189,,126.96,132.21,100,,148.7,96.7,,165.17,133.74,149,,10.41,10,10,,9.92,85.74,,,43.0671684,22.4085712
ABZ0QQ65,2022-11-07T00:00:00.000Z,,19.6,34.49,,33.42,36.77,,95,,31.34,34.86,33,,40.96,37.12,,37.03,35.12,41,,13.4,13,13,,19.45,51.63,,,44.664514,20.928384
A9YQLGCC,2022-11-07T00:00:00.000Z,,28.31,36.24,,48.12,38.77,,140,,44.47,40.23,48,,62.82,39.16,,58.03,40.6,63,,9.06,9,9,,10.83,85.81,,,42.5366089,20.2955676
A3QK8XR1,2022-11-07T00:00:00.000Z,,26.32,47.9,,43.65,50.73,,120,,28.87,31.81,44,,64.75,51.36,,40.71,32.16,65,,5.1,5,5,,21.84,48.07,,,44.010408,20.91121
A0VTV4M9,2022-11-07T00:00:00.000Z,,,,,,,,,,55.05,43.88,,,,,,73.28,44.49,,,,,,,,,,,44.010408,20.91121
AQVRLJYL,2022-11-07T00:00:00.000Z,,,,,,,,,,48.89,21.03,,,,,,86.88,21.44,,,6.72,6,7,,11.57,85.07,,,44.664514,20.928384
AY1R2WBZ,2022-11-07T00:00:00.000Z,,51.72,111.24,,92.63,118.21,,175,,81.8,105.39,93,,112.91,119.42,,99.99,106.4,113,,8.53,8,9,,18.42,51.07,,,43.0671684,22.4085712
A2027ZB9,2022-11-07T00:00:00.000Z,,32.59,42.53,,63.03,45.74,,154,,65.14,49.09,63,,86.72,46.54,,89.85,49.93,87,,14.97,14,15,,12.3,83.51,,,44.797027,20.528377
RMQF0HMT,2022-11-07T00:00:00.000Z,,,,,24.84,,,80,,32.62,,25,,26.29,,,41.54,,26,,4.74,4,5,3.34,,,,,44.82112,20.459113
RQCHFQWB,2022-11-07T00:00:00.000Z,,,,,23.15,,,74,,23.38,,23,,23.46,,,24.1,,23,,5.51,5,6,,,,,,44.798746,20.450184
RNVM05M6,2022-11-07T00:00:00.000Z,,,,,,,,,,,,,,,,,,,,,5.51,5,6,5.14,,,,,44.796959,20.475288
RQMLY1RN,2022-11-07T00:00:00.000Z,,,,,,,,,,,,,,,,,,,,,6.8,6,7,,,,,,44.011573,20.925031
RH91V0ZQ,2022-11-07T00:00:00.000Z,,,,,,,,,,,,,,,,,,,,,3.87,4,4,,,,,,44.652336,20.931675
RV7PD1M1,2022-11-07T00:00:00.000Z,,,,,21.93,,,70,,22.57,,22,,22.19,,,23.05,,22,,,,,,,,,,44.664084,20.926729
A5H2PCSZ,2022-11-06T23:00:00.000Z,,16.34,27.51,,28.07,29.31,,87,,27.86,29.99,28,,30.08,29.52,,30.24,30.19,30,,3.66,3,4,,24.35,44.17,,,44.797027,20.528377
AHVMMMWN,2022-11-06T23:00:00.000Z,,68.19,121.86,,134.36,130.35,,208,,126.86,132.51,134,,188.34,132.06,,164.31,134.03,188,,11.13,10,11,,9.77,85.13,,,43.0671684,22.4085712
AY1R2WBZ,2022-11-06T23:00:00.000Z,,61.7,131.38,,108.67,139.45,,178,,81.2,104.98,109,,130.82,140.86,,99.05,105.98,131,,7.96,8,8,,18.46,50.85,,,43.0671684,22.4085712
A2027ZB9,2022-11-06T23:00:00.000Z,,31.92,41.72,,64.26,45.16,,154,,64.86,48.74,64,,87.94,46.01,,89.37,49.58,88,,15.44,15,15,,12.32,83.53,,,44.797027,20.528377
AC8QFXSV,2022-11-06T23:00:00.000Z,,5.67,8.89,,11.25,9.28,,39,,5.27,4.71,11,,15.86,9.39,,7.46,4.77,16,,17.03,16,17,,7.55,84.01,,,43.27359823,20.00230503
ABZ0QQ65,2022-11-06T23:00:00.000Z,,19.56,34.6,,32.83,36.85,,94,,31.33,34.93,33,,39.92,37.13,,36.94,35.2,40,,13.74,13,14,,19.49,51.56,,,44.664514,20.928384
AQVRLJYL,2022-11-06T23:00:00.000Z,,,,,,,,,,48.89,21.03,,,,,,86.88,21.44,,,6.97,7,7,,11.37,86.63,,,44.664514,20.928384
A9YQLGCC,2022-11-06T23:00:00.000Z,,30.33,40.86,,52.03,43.71,,146,,44.67,40.58,52,,68.64,44.16,,58.41,40.96,69,,10.41,10,10,,10.97,86.51,,,42.5366089,20.2955676
A0VTV4M9,2022-11-06T23:00:00.000Z,,,,,,,,,,55.05,43.88,,,,,,73.28,44.49,,,,,,,,,,,44.010408,20.91121
A3QK8XR1,2022-11-06T23:00:00.000Z,,27.31,50.74,,44.99,53.77,,119,,27.79,30.51,45,,67.2,54.47,,38.98,30.84,67,,5.31,5,5,,21.98,47.76,,,44.010408,20.91121
RMQF0HMT,2022-11-06T23:00:00.000Z,,,,,26.84,,,83,,32.5,,27,,32.43,,,41.51,,32,,5.17,5,5,3.64,,,,,44.82112,20.459113
RNVM05M6,2022-11-06T23:00:00.000Z,,,,,,,,,,,,,,,,,,,,,6.4,6,6,4.77,,,,,44.796959,20.475288
RV7PD1M1,2022-11-06T23:00:00.000Z,,,,,19.89,,,70,,22.54,,20,,19.88,,,23.04,,20,,,,,,,,,,44.664084,20.926729
RQMLY1RN,2022-11-06T23:00:00.000Z,,,,,,,,,,,,,,,,,,,,,6.39,6,6,,,,,,44.011573,20.925031
RQCHFQWB,2022-11-06T23:00:00.000Z,,,,,24.62,,,75,,23.27,,25,,25.08,,,23.99,,25,,6.55,6,7,,,,,,44.798746,20.450184
RH91V0ZQ,2022-11-06T23:00:00.000Z,,,,,,,,,,,,,,,,,,,,,3.65,3,4,,,,,,44.652336,20.931675
A5H2PCSZ,2022-11-06T22:00:00.000Z,,17.67,29.11,,29.68,31,,87,,27.94,30.15,30,,32.36,31.24,,30.34,30.36,32,,2.12,2,2,,24.87,43.59,,,44.797027,20.528377
AY1R2WBZ,2022-11-06T22:00:00.000Z,,62.17,132.71,,108.54,140.72,,178,,80.19,104.04,109,,128.83,142.07,,97.68,105.02,129,,7.71,7,8,,18.47,50.78,,,43.0671684,22.4085712
A0VTV4M9,2022-11-06T22:00:00.000Z,,,,,,,,,,55.05,43.88,,,,,,73.28,44.49,,,,,,,,,,,44.010408,20.91121
A3QK8XR1,2022-11-06T22:00:00.000Z,,27.86,52.67,,45.47,55.85,,114,,26.67,29.12,45,,65.8,56.53,,37.16,29.43,66,,4.72,4,5,,22.25,47.19,,,44.010408,20.91121
AHVMMMWN,2022-11-06T22:00:00.000Z,,100.34,177.36,,185.22,188.96,,228,,125.78,132.02,185,,235.17,191.02,,162.14,133.52,235,,10.28,10,10,,9.72,83.23,,,43.0671684,22.4085712
A2027ZB9,2022-11-06T22:00:00.000Z,,25.26,31.34,,52.24,33.86,,153,,64.91,48.82,52,,70.53,34.45,,89.43,49.66,71,,16.18,15,16,,12.34,83.39,,,44.797027,20.528377
A9YQLGCC,2022-11-06T22:00:00.000Z,,34.38,49.42,,56.79,52.78,,151,,44.71,40.76,57,,75.83,53.27,,58.52,41.15,76,,11.13,10,11,,11.09,86.35,,,42.5366089,20.2955676
AC8QFXSV,2022-11-06T22:00:00.000Z,,2.78,5.47,,6.17,5.65,,32,,4.85,4.38,6,,8.61,5.73,,6.87,4.44,9,,16.79,16,17,,7.5,83.8,,,43.27359823,20.00230503
AQVRLJYL,2022-11-06T22:00:00.000Z,,,,,,,,,,48.89,21.03,,,,,,86.88,21.44,,,6.65,6,7,,11.32,86.72,,,44.664514,20.928384
ABZ0QQ65,2022-11-06T22:00:00.000Z,,19.2,34.5,,32.43,36.77,,94,,31.34,35.01,32,,39.75,37.04,,36.91,35.27,40,,13.25,12,13,,19.54,51.51,,,44.664514,20.928384
RQMLY1RN,2022-11-06T22:00:00.000Z,,,,,,,,,,,,,,,,,,,,,7.31,7,7,,,,,,44.011573,20.925031
RNVM05M6,2022-11-06T22:00:00.000Z,,,,,,,,,,,,,,,,,,,,,7.35,7,7,4.5,,,,,44.796959,20.475288
RQCHFQWB,2022-11-06T22:00:00.000Z,,,,,22.9,,,73,,23.25,,23,,23.45,,,23.99,,23,,7.68,7,8,,,,,,44.798746,20.450184
RMQF0HMT,2022-11-06T22:00:00.000Z,,,,,25.2,,,84,,32.5,,25,,29.27,,,41.68,,29,,5.89,6,6,3.19,,,,,44.82112,20.459113
RV7PD1M1,2022-11-06T22:00:00.000Z,,,,,21.27,,,71,,22.77,,21,,21.45,,,23.28,,21,,,,,,,,,,44.664084,20.926729
RH91V0ZQ,2022-11-06T22:00:00.000Z,,,,,,,,,,,,,,,,,,,,,4.27,4,4,,,,,,44.652336,20.931675
A5H2PCSZ,2022-11-06T21:00:00.000Z,,17.64,29.02,,28.59,30.91,,87,,27.96,30.29,29,,30.71,31.09,,30.35,30.5,31,,0.85,1,1,,25.45,43.06,,,44.797027,20.528377
A0VTV4M9,2022-11-06T21:00:00.000Z,,46.18,75.22,,79.38,80.02,,,,52.18,40.79,79,,108.12,80.99,,68.58,41.36,108,,17.32,16,17,,11.58,84.24,,,44.010408,20.91121
AQVRLJYL,2022-11-06T21:00:00.000Z,,,,,,,,,,48.89,21.03,,,,,,86.88,21.44,,,7.01,7,7,,11.36,87.03,,,44.664514,20.928384
ABZ0QQ65,2022-11-06T21:00:00.000Z,,19.51,34.86,,33.48,37.16,,94,,31.36,35.1,33,,41.1,37.47,,36.87,35.36,41,,13.79,13,14,,19.59,51.39,,,44.664514,20.928384
AY1R2WBZ,2022-11-06T21:00:00.000Z,,61.31,131.28,,109.11,139.47,,177,,78.73,102.47,109,,131.65,140.87,,95.95,103.43,132,,8.64,8,9,,18.52,50.91,,,43.0671684,22.4085712
A3QK8XR1,2022-11-06T21:00:00.000Z,,26.54,48.98,,42.99,51.91,,109,,25.44,27.54,43,,62.29,52.5,,35.3,27.83,62,,4.11,4,4,,22.51,46.65,,,44.010408,20.91121
AC8QFXSV,2022-11-06T21:00:00.000Z,,2.33,4.88,,5.5,5.06,,37,,4.64,4.19,6,,7.6,5.13,,6.57,4.25,8,,17.04,16,17,,7.45,83.66,,,43.27359823,20.00230503
AHVMMMWN,2022-11-06T21:00:00.000Z,,88.43,158.77,,163.89,169.06,,222,,123.63,129.95,164,,211.72,171.02,,159.55,131.43,212,,9.51,9,10,,9.85,82.31,,,43.0671684,22.4085712
A9YQLGCC,2022-11-06T21:00:00.000Z,,32.68,46.15,,54.66,49.3,,149,,44.75,40.95,55,,72.27,49.77,,58.63,41.34,72,,10.55,10,11,,11.21,86.21,,,42.5366089,20.2955676
A2027ZB9,2022-11-06T21:00:00.000Z,,30.59,39.23,,61.21,42.29,,155,,65.53,49.44,61,,84.05,43.08,,90.32,50.29,84,,16.55,16,17,,12.32,83.67,,,44.797027,20.528377
RNVM05M6,2022-11-06T21:00:00.000Z,,,,,,,,,,,,,,,,,,,,,7.33,7,7,5.47,,,,,44.796959,20.475288
RQCHFQWB,2022-11-06T21:00:00.000Z,,,,,21.98,,,73,,23.43,,22,,22.93,,,24.21,,23,,8.03,8,8,,,,,,44.798746,20.450184
RH91V0ZQ,2022-11-06T21:00:00.000Z,,,,,,,,,,,,,,,,,,,,,4.35,4,4,,,,,,44.652336,20.931675
RMQF0HMT,2022-11-06T21:00:00.000Z,,,,,24.43,,,90,,32.72,,24,,29.22,,,42.01,,29,,5.58,5,6,3.62,,,,,44.82112,20.459113
RQMLY1RN,2022-11-06T21:00:00.000Z,,,,,,,,,,,,,,,,,,,,,8.5,8,8,,,,,,44.011573,20.925031
RV7PD1M1,2022-11-06T21:00:00.000Z,,,,,21.94,,,72,,22.86,,22,,22.08,,,23.37,,22,,,,,,,,,,44.664084,20.926729
A5H2PCSZ,2022-11-06T20:00:00.000Z,,17.27,28.93,,29.17,30.88,,87,,28.07,30.54,29,,31.84,31.11,,30.51,30.75,32,,1.38,1,1,,25.66,42.91,,,44.797027,20.528377
AQVRLJYL,2022-11-06T20:00:00.000Z,,,,,,,,,,48.89,21.03,,,,,,86.88,21.44,,,7.07,7,7,,11.42,87.22,,,44.664514,20.928384
A9YQLGCC,2022-11-06T20:00:00.000Z,,31.78,44.17,,53.02,47.13,,150,,44.84,41.11,53,,70.21,47.61,,58.77,41.51,70,,11.1,10,11,,11.37,85.69,,,42.5366089,20.2955676
A2027ZB9,2022-11-06T20:00:00.000Z,,29.74,38.04,,58.95,40.98,,155,,65.62,49.61,59,,82.13,41.71,,90.44,50.46,82,,15.69,15,16,,12.32,83.45,,,44.797027,20.528377
A0VTV4M9,2022-11-06T20:00:00.000Z,,,,,,,,,,47.65,34.25,,,,,,61.99,34.76,,,,,,,,,,,44.010408,20.91121
ABZ0QQ65,2022-11-06T20:00:00.000Z,,19.29,34.57,,33.23,36.85,,94,,31.33,35.21,33,,41.45,37.19,,36.78,35.47,41,,13.68,13,14,,19.65,51.33,,,44.664514,20.928384
AHVMMMWN,2022-11-06T20:00:00.000Z,,93.68,170.3,,178.63,181.75,,231,,121.94,128.42,179,,231.34,183.92,,157.18,129.87,231,,9.95,9,10,,10.34,82.22,,,43.0671684,22.4085712
AY1R2WBZ,2022-11-06T20:00:00.000Z,,63.99,137.33,,114.31,145.92,,177,,77.2,100.89,114,,137.25,147.36,,94.09,101.83,137,,9.19,9,9,,18.55,51.02,,,43.0671684,22.4085712
AC8QFXSV,2022-11-06T20:00:00.000Z,,3.2,6.27,,8,6.51,,52,,4.47,4.06,8,,10.65,6.6,,6.34,4.12,11,,18.51,17,19,,7.35,84.2,,,43.27359823,20.00230503
A3QK8XR1,2022-11-06T20:00:00.000Z,,23.83,42.6,,38.99,45.04,,99,,24.37,26.22,39,,55.73,45.54,,33.66,26.49,56,,4.37,4,4,,22.64,46.41,,,44.010408,20.91121
RQMLY1RN,2022-11-06T20:00:00.000Z,,,,,,,,,,,,,,,,,,,,,10.35,10,10,,,,,,44.011573,20.925031
RV7PD1M1,2022-11-06T20:00:00.000Z,,,,,22.67,,,73,,22.85,,23,,22.98,,,23.37,,23,,,,,,,,,,44.664084,20.926729
RH91V0ZQ,2022-11-06T20:00:00.000Z,,,,,,,,,,,,,,,,,,,,,4.57,4,5,,,,,,44.652336,20.931675
RMQF0HMT,2022-11-06T20:00:00.000Z,,,,,25.95,,,104,,32.95,,26,,31.1,,,42.32,,31,,6.98,7,7,2.5,,,,,44.82112,20.459113
RQCHFQWB,2022-11-06T20:00:00.000Z,,,,,22.61,,,73,,23.61,,23,,23.3,,,24.41,,23,,8.69,8,9,,,,,,44.798746,20.450184
RNVM05M6,2022-11-06T20:00:00.000Z,,,,,,,,,,,,,,,,,,,,,7.31,7,7,6.82,,,,,44.796959,20.475288
A5H2PCSZ,2022-11-06T19:00:00.000Z,,16.97,28.37,,28.87,30.26,,87,,28.23,30.91,29,,31.72,30.47,,30.73,31.12,32,,1.06,1,1,,25.65,42.97,,,44.797027,20.528377
A9YQLGCC,2022-11-06T19:00:00.000Z,,35.26,53.57,,57.92,56.98,,152,,44.9,41.3,58,,76.78,57.51,,58.94,41.7,77,,11.74,11,12,,11.62,85.39,,,42.5366089,20.2955676
AC8QFXSV,2022-11-06T19:00:00.000Z,,11.66,16.15,,21.92,16.86,,61,,4.28,3.93,22,,30.68,17.07,,6.1,3.99,31,,18.35,17,18,,7.25,84.29,,,43.27359823,20.00230503
A3QK8XR1,2022-11-06T19:00:00.000Z,,18.13,30.22,,31.35,32.07,,90,,23.6,25.33,31,,44.61,32.43,,32.4,25.58,45,,4.1,4,4,,22.6,46.23,,,44.010408,20.91121
AQVRLJYL,2022-11-06T19:00:00.000Z,,,,,,,,,,48.89,21.03,,,,,,86.88,21.44,,,7.12,7,7,,11.53,87.24,,,44.664514,20.928384
A2027ZB9,2022-11-06T19:00:00.000Z,,34.85,46.62,,67.46,50.24,,155,,65.62,49.68,67,,95.02,51.17,,90.18,50.52,95,,16.97,16,17,,12.26,83.92,,,44.797027,20.528377
AY1R2WBZ,2022-11-06T19:00:00.000Z,,58.11,125.4,,102.44,133.17,,174,,74.58,97.51,102,,124.36,134.43,,91.1,98.42,124,,9.34,9,9,,18.58,51,,,43.0671684,22.4085712
A0VTV4M9,2022-11-06T19:00:00.000Z,,,,,,,,,,47.65,34.25,,,,,,61.99,34.76,,,,,,,,,,,44.010408,20.91121
AHVMMMWN,2022-11-06T19:00:00.000Z,,108.69,197.02,,204.55,210.38,,233,,120.72,127.62,205,,270.15,212.81,,155.42,129.05,270,,11.5,11,12,,10.6,81.82,,,43.0671684,22.4085712
ABZ0QQ65,2022-11-06T19:00:00.000Z,,19.33,34.23,,32.67,36.45,,93,,31.32,35.36,33,,39.88,36.75,,36.67,35.61,40,,13.94,13,14,,19.69,51.28,,,44.664514,20.928384
RMQF0HMT,2022-11-06T19:00:00.000Z,,,,,27.12,,,132,,32.97,,27,,33.45,,,42.3,,33,,7.48,7,7,3.07,,,,,44.82112,20.459113
RNVM05M6,2022-11-06T19:00:00.000Z,,,,,,,,,,,,,,,,,,,,,8.31,8,8,5.56,,,,,44.796959,20.475288
RQMLY1RN,2022-11-06T19:00:00.000Z,,,,,,,,,,,,,,,,,,,,,11.76,11,12,,,,,,44.011573,20.925031
RQCHFQWB,2022-11-06T19:00:00.000Z,,,,,21.74,,,73,,23.69,,22,,22.54,,,24.49,,23,,9.64,9,10,,,,,,44.798746,20.450184
RH91V0ZQ,2022-11-06T19:00:00.000Z,,,,,,,,,,,,,,,,,,,,,4.74,4,5,,,,,,44.652336,20.931675
RV7PD1M1,2022-11-06T19:00:00.000Z,,,,,20.62,,,72,,22.81,,21,,20.73,,,23.34,,21,,,,,,,,,,44.664084,20.926729
A5H2PCSZ,2022-11-06T18:00:00.000Z,,17.14,28.93,,28.68,30.79,,88,,28.43,31.33,29,,31.77,31.01,,31.02,31.54,32,,0.75,1,1,,25.65,43.02,,,44.797027,20.528377
AC8QFXSV,2022-11-06T18:00:00.000Z,,7.55,11.14,,14.43,11.6,,49,,3.56,3.41,14,,21.12,11.74,,5.1,3.47,21,,18.05,17,18,,7.43,82.75,,,43.27359823,20.00230503
AHVMMMWN,2022-11-06T18:00:00.000Z,,87.35,161.57,,166.48,172.37,,212,,114.38,120.82,166,,213.43,174.41,,146.92,122.17,213,,11.97,11,12,,10.9,81.06,,,43.0671684,22.4085712
ABZ0QQ65,2022-11-06T18:00:00.000Z,,19.42,34.68,,33.65,37.03,,93,,31.39,35.59,34,,40.64,37.31,,36.73,35.84,41,,14.26,13,14,,19.75,51.15,,,44.664514,20.928384
A9YQLGCC,2022-11-06T18:00:00.000Z,,38.72,62.71,,63.28,66.51,,152,,44.74,41.05,63,,82.83,67.12,,58.78,41.44,83,,12.59,12,13,,11.8,84.96,,,42.5366089,20.2955676
A3QK8XR1,2022-11-06T18:00:00.000Z,,17.52,29.19,,29.94,30.91,,88,,23.17,24.99,30,,39.84,31.22,,31.67,25.24,40,,3.52,3,4,,22.57,46.21,,,44.010408,20.91121
A0VTV4M9,2022-11-06T18:00:00.000Z,,,,,,,,,,47.65,34.25,,,,,,61.99,34.76,,,,,,,,,,,44.010408,20.91121
AQVRLJYL,2022-11-06T18:00:00.000Z,,,,,,,,,,48.89,21.03,,,,,,86.88,21.44,,,8.47,8,8,,11.52,87.99,,,44.664514,20.928384
AY1R2WBZ,2022-11-06T18:00:00.000Z,,56.48,121.55,,101.53,129.2,,174,,72.38,94.46,102,,124.2,130.56,,88.55,95.33,124,,9.64,9,10,,18.62,50.93,,,43.0671684,22.4085712
A2027ZB9,2022-11-06T18:00:00.000Z,,29.93,37.4,,57.63,40.27,,155,,65.28,49.33,58,,79.22,40.88,,89.51,50.17,79,,17.54,17,18,,12.31,84.17,,,44.797027,20.528377
RH91V0ZQ,2022-11-06T18:00:00.000Z,,,,,,,,,,,,,,,,,,,,,5.25,5,5,,,,,,44.652336,20.931675
RNVM05M6,2022-11-06T18:00:00.000Z,,,,,,,,,,,,,,,,,,,,,7.99,8,8,6.3,,,,,44.796959,20.475288
RQCHFQWB,2022-11-06T18:00:00.000Z,,,,,24.42,,,74,,23.91,,24,,25.26,,,24.69,,25,,11.25,11,11,,,,,,44.798746,20.450184
RV7PD1M1,2022-11-06T18:00:00.000Z,,,,,20.36,,,75,,22.89,,20,,20.77,,,23.44,,21,,,,,,,,,,44.664084,20.926729
RQMLY1RN,2022-11-06T18:00:00.000Z,,,,,,,,,,,,,,,,,,,,,10.47,10,10,,,,,,44.011573,20.925031
RMQF0HMT,2022-11-06T18:00:00.000Z,,,,,74.3,,,158,,32.78,,74,,95.43,,,41.98,,95,,8.51,8,9,2.88,,,,,44.82112,20.459113
A5H2PCSZ,2022-11-06T17:00:00.000Z,,18.66,30.65,,31.06,32.8,,88,,28.63,31.71,31,,34.57,33.06,,31.27,31.92,35,,1.07,1,1,,25.66,43.04,,,44.797027,20.528377
AHVMMMWN,2022-11-06T17:00:00.000Z,,82.57,155.58,,155.56,165.87,,209,,111.44,118.13,156,,197.46,167.7,,143.04,119.43,197,,11.86,11,12,,11.33,79.86,,,43.0671684,22.4085712
AY1R2WBZ,2022-11-06T17:00:00.000Z,,57.58,123.19,,104.65,131.08,,173,,70.21,91.53,105,,125.42,132.5,,86.01,92.36,125,,9.79,9,10,,18.65,50.76,,,43.0671684,22.4085712
A2027ZB9,2022-11-06T17:00:00.000Z,,30.92,39.1,,57.1,41.9,,156,,65.45,49.43,57,,79,42.56,,89.62,50.27,79,,17.62,17,18,,12.4,84.02,,,44.797027,20.528377
AC8QFXSV,2022-11-06T17:00:00.000Z,,3.89,6.78,,8.37,7.05,,37,,3.21,3.11,8,,13.35,7.14,,4.6,3.16,13,,16.57,16,17,,7.57,80.87,,,43.27359823,20.00230503
ABZ0QQ65,2022-11-06T17:00:00.000Z,,19.56,34.88,,34.32,37.3,,92,,31.42,35.87,34,,42.5,37.68,,36.78,36.11,42,,13.92,13,14,,19.82,51,,,44.664514,20.928384
AQVRLJYL,2022-11-06T17:00:00.000Z,,,,,,,,,,48.89,21.03,,,,,,86.88,21.44,,,8.93,8,9,,11.61,88.2,,,44.664514,20.928384
A9YQLGCC,2022-11-06T17:00:00.000Z,,37.65,59.53,,58.68,62.97,,138,,44.29,40.4,59,,77.64,63.47,,58.28,40.79,78,,12.91,12,13,,12.17,83.69,,,42.5366089,20.2955676
A0VTV4M9,2022-11-06T17:00:00.000Z,,31.57,40.1,,53.98,42.42,,,,46.36,33.13,54,,73.86,42.94,,59.64,33.59,74,,14.82,14,15,,11.45,81.64,,,44.010408,20.91121
A3QK8XR1,2022-11-06T17:00:00.000Z,,17.69,29.21,,30.03,30.84,,87,,22.75,24.64,30,,42.66,31.23,,31.07,24.87,43,,4.02,4,4,,22.49,46.44,,,44.010408,20.91121
RMQF0HMT,2022-11-06T17:00:00.000Z,,,,,78.72,,,155,,30.66,,79,,93.36,,,39.07,,93,,8.19,8,8,3.79,,,,,44.82112,20.459113
RQCHFQWB,2022-11-06T17:00:00.000Z,,,,,21.15,,,73,,23.9,,21,,22.12,,,24.66,,22,,12.04,11,12,,,,,,44.798746,20.450184
RH91V0ZQ,2022-11-06T17:00:00.000Z,,,,,,,,,,,,,,,,,,,,,5.67,5,6,,,,,,44.652336,20.931675
RV7PD1M1,2022-11-06T17:00:00.000Z,,,,,22.17,,,79,,22.93,,22,,22.13,,,23.49,,22,,,,,,,,,,44.664084,20.926729
RQMLY1RN,2022-11-06T17:00:00.000Z,,,,,,,,,,,,,,,,,,,,,11.64,11,12,,,,,,44.011573,20.925031
RNVM05M6,2022-11-06T17:00:00.000Z,,,,,,,,,,,,,,,,,,,,,8.3,8,8,6.98,,,,,44.796959,20.475288
A5H2PCSZ,2022-11-06T16:00:00.000Z,,18.81,31.24,,31.11,33.44,,87,,28.74,32.03,31,,34.64,33.68,,31.46,32.24,35,,0.1,0,0,,25.67,43.06,,,44.797027,20.528377
AY1R2WBZ,2022-11-06T16:00:00.000Z,,57.48,123.89,,102.57,131.61,,170,,67.75,88.24,103,,125.62,132.95,,83.16,89.03,126,,10.07,10,10,,18.67,50.54,,,43.0671684,22.4085712
A0VTV4M9,2022-11-06T16:00:00.000Z,,,,,,,,,,45.1,31.58,,,,,,57.27,32.03,,,,,,,,,,,44.010408,20.91121
A3QK8XR1,2022-11-06T16:00:00.000Z,,16.16,26.68,,26.65,28.2,,86,,22.34,24.31,27,,37.31,28.49,,30.37,24.53,37,,3.92,4,4,,22.39,46.69,,,44.010408,20.91121
AHVMMMWN,2022-11-06T16:00:00.000Z,,90.08,171.14,,170.23,182.52,,212,,107.54,113.98,170,,222.56,184.68,,138.21,115.23,223,,11.56,11,12,,11.8,77.73,,,43.0671684,22.4085712
A2027ZB9,2022-11-06T16:00:00.000Z,,30.98,39.93,,59.2,42.88,,157,,65.82,49.76,59,,79.8,43.56,,89.99,50.6,80,,17.16,16,17,,12.48,83.92,,,44.797027,20.528377
A9YQLGCC,2022-11-06T16:00:00.000Z,,28.56,40.37,,45.8,42.81,,118,,44.03,40,46,,59.83,43.16,,57.96,40.39,60,,11.68,11,12,,12.85,80.93,,,42.5366089,20.2955676
AC8QFXSV,2022-11-06T16:00:00.000Z,,6.33,9.27,,13.26,9.67,,39,,3.54,3.44,13,,17.23,9.82,,4.93,3.49,17,,16.21,15,16,,7.6,80.5,,,43.27359823,20.00230503
AQVRLJYL,2022-11-06T16:00:00.000Z,,,,,,,,,,48.89,21.03,,,,,,86.88,21.44,,,8.26,8,8,,11.75,87.02,,,44.664514,20.928384
ABZ0QQ65,2022-11-06T16:00:00.000Z,,19.14,34.06,,32.68,36.3,,90,,31.47,36.16,33,,40.01,36.61,,36.83,36.4,40,,13.11,12,13,,19.88,50.81,,,44.664514,20.928384
RNVM05M6,2022-11-06T16:00:00.000Z,,,,,,,,,,,,,,,,,,,,,8.35,8,8,6.33,,,,,44.796959,20.475288
RH91V0ZQ,2022-11-06T16:00:00.000Z,,,,,,,,,,,,,,,,,,,,,6.17,6,6,,,,,,44.652336,20.931675
RQMLY1RN,2022-11-06T16:00:00.000Z,,,,,,,,,,,,,,,,,,,,,10.13,10,10,,,,,,44.011573,20.925031
RQCHFQWB,2022-11-06T16:00:00.000Z,,,,,18.54,,,75,,24.04,,19,,19.21,,,24.77,,19,,11.18,11,11,,,,,,44.798746,20.450184
RMQF0HMT,2022-11-06T16:00:00.000Z,,,,,64.82,,,132,,28.42,,65,,76.62,,,36.36,,77,,8.21,8,8,3.48,,,,,44.82112,20.459113
RV7PD1M1,2022-11-06T16:00:00.000Z,,,,,24.61,,,84,,22.69,,25,,25.12,,,23.31,,25,,,,,,,,,,44.664084,20.926729
A5H2PCSZ,2022-11-06T15:00:00.000Z,,18.34,30.57,,31.03,32.57,,86,,28.87,32.35,31,,34.38,32.84,,31.64,32.56,34,,-0.02,,,,25.74,43.03,,,44.797027,20.528377
A0VTV4M9,2022-11-06T15:00:00.000Z,,,,,,,,,,45.1,31.58,,,,,,57.27,32.03,,,,,,,,,,,44.010408,20.91121
AQVRLJYL,2022-11-06T15:00:00.000Z,,,,,,,,,,48.89,21.03,,,,,,86.88,21.44,,,9.26,9,9,,11.97,86.99,,,44.664514,20.928384
ABZ0QQ65,2022-11-06T15:00:00.000Z,,18.95,33.34,,31.88,35.5,,89,,31.63,36.56,32,,39.01,35.77,,37.04,36.81,39,,13.4,13,13,,19.99,50.53,,,44.664514,20.928384
AY1R2WBZ,2022-11-06T15:00:00.000Z,,48.74,107.09,,89.62,113.68,,165,,65.42,85.04,90,,107.76,114.95,,80.37,85.79,108,,9.98,9,10,,18.71,50.33,,,43.0671684,22.4085712
A3QK8XR1,2022-11-06T15:00:00.000Z,,16.59,27.62,,28.74,29.31,,91,,22.23,24.19,29,,40.08,29.62,,30.01,24.41,40,,4.04,4,4,,22.29,46.9,,,44.010408,20.91121
AC8QFXSV,2022-11-06T15:00:00.000Z,,3.77,6.98,,7.5,7.22,,23,,3.78,3.69,8,,11.14,7.29,,5.24,3.74,11,,15.64,15,16,,7.93,79.48,,,43.27359823,20.00230503
AHVMMMWN,2022-11-06T15:00:00.000Z,,96.78,185.04,,186.16,197.86,,205,,102.65,108.71,186,,240.62,200.21,,131.8,109.89,241,,10.38,10,10,,12.39,75.87,,,43.0671684,22.4085712
A9YQLGCC,2022-11-06T15:00:00.000Z,,28.84,42.42,,46.22,45,,110,,44.12,40.26,46,,62.29,45.42,,58.15,40.66,62,,10.66,10,11,,13.63,78.31,,,42.5366089,20.2955676
A2027ZB9,2022-11-06T15:00:00.000Z,,37.58,55.15,,71.99,59.37,,158,,66.14,50.12,72,,97.51,60.35,,90.38,50.97,98,,18.32,17,18,,12.75,83.72,,,44.797027,20.528377
RH91V0ZQ,2022-11-06T15:00:00.000Z,,,,,,,,,,,,,,,,,,,,,6.77,6,7,,,,,,44.652336,20.931675
RQCHFQWB,2022-11-06T15:00:00.000Z,,,,,23.86,,,81,,24.26,,24,,24.74,,,24.98,,25,,11.63,11,12,,,,,,44.798746,20.450184
RMQF0HMT,2022-11-06T15:00:00.000Z,,,,,32.54,,,90,,26.75,,33,,44.18,,,34.37,,44,,8.16,8,8,3.02,,,,,44.82112,20.459113
RNVM05M6,2022-11-06T15:00:00.000Z,,,,,,,,,,,,,,,,,,,,,9.2,9,9,5.33,,,,,44.796959,20.475288
RV7PD1M1,2022-11-06T15:00:00.000Z,,,,,29.18,,,89,,22.21,,29,,29.86,,,22.84,,30,,,,,,,,,,44.664084,20.926729
RQMLY1RN,2022-11-06T15:00:00.000Z,,,,,,,,,,,,,,,,,,,,,10.56,10,11,,,,,,44.011573,20.925031
A5H2PCSZ,2022-11-06T14:00:00.000Z,,18.21,30.91,,30.53,32.88,,84,,29.02,32.74,31,,33.39,33.11,,31.86,32.95,33,,0.06,0,0,,25.75,43.04,,,44.797027,20.528377
AQVRLJYL,2022-11-06T14:00:00.000Z,,,,,,,,,,48.89,21.03,,,,,,86.88,21.44,,,7.84,7,8,,12.33,85.62,,,44.664514,20.928384
A9YQLGCC,2022-11-06T14:00:00.000Z,,22.33,30.85,,35.72,32.72,,94,,44.11,40.39,36,,45.69,32.99,,58.09,40.79,46,,7.33,7,7,,14.65,73.79,,,42.5366089,20.2955676
A2027ZB9,2022-11-06T14:00:00.000Z,,34.1,46.54,,66.16,50.26,,158,,65.4,49.28,66,,93.46,51.19,,89.17,50.1,93,,16.77,16,17,,13.05,82.83,,,44.797027,20.528377
A0VTV4M9,2022-11-06T14:00:00.000Z,,,,,,,,,,45.1,31.58,,,,,,57.27,32.03,,,,,,,,,,,44.010408,20.91121
ABZ0QQ65,2022-11-06T14:00:00.000Z,,18.72,32.8,,31.3,34.77,,88,,31.85,37.17,31,,36.94,35.05,,37.34,37.42,37,,13.04,12,13,,20.13,50.22,,,44.664514,20.928384
AHVMMMWN,2022-11-06T14:00:00.000Z,,72.44,142.36,,131.03,151.08,,187,,96.77,102.58,131,,162.89,152.64,,124.15,103.68,163,,10.48,10,10,,12.96,75.3,,,43.0671684,22.4085712
AY1R2WBZ,2022-11-06T14:00:00.000Z,,46.23,101.01,,83.2,107.17,,162,,63.7,82.65,83,,98.11,108.29,,78.41,83.37,98,,9.76,9,10,,18.72,49.98,,,43.0671684,22.4085712
AC8QFXSV,2022-11-06T14:00:00.000Z,,2.05,4.65,,4.67,4.8,,15,,4.13,3.93,5,,6.05,4.85,,5.72,3.99,6,,14.51,14,15,,8.7,77.61,,,43.27359823,20.00230503
A3QK8XR1,2022-11-06T14:00:00.000Z,,19.44,32.02,,31.76,33.88,,96,,22.32,24.34,32,,45.72,34.23,,30.02,24.55,46,,4.31,4,4,,22.21,47.2,,,44.010408,20.91121
RV7PD1M1,2022-11-06T14:00:00.000Z,,,,,32,,,91,,21.52,,32,,33.39,,,22.15,,33,,,,,,,,,,44.664084,20.926729
RH91V0ZQ,2022-11-06T14:00:00.000Z,,,,,,,,,,,,,,,,,,,,,6.8,6,7,,,,,,44.652336,20.931675
RQMLY1RN,2022-11-06T14:00:00.000Z,,,,,,,,,,,,,,,,,,,,,10.12,10,10,,,,,,44.011573,20.925031
RQCHFQWB,2022-11-06T14:00:00.000Z,,,,,29.33,,,83,,24.07,,29,,30.36,,,24.76,,30,,11.75,11,12,,,,,,44.798746,20.450184
RMQF0HMT,2022-11-06T14:00:00.000Z,,,,,28.39,,,87,,26.3,,28,,34.74,,,33.49,,35,,7.82,7,8,3.13,,,,,44.82112,20.459113
RNVM05M6,2022-11-06T14:00:00.000Z,,,,,,,,,,,,,,,,,,,,,8.96,8,9,4.84,,,,,44.796959,20.475288
A5H2PCSZ,2022-11-06T13:00:00.000Z,,18.18,30.24,,29.38,32.18,,81,,29.24,33.2,29,,31.38,32.36,,32.22,33.4,31,,-0.01,,,,25.69,43.08,,,44.797027,20.528377
A9YQLGCC,2022-11-06T13:00:00.000Z,,20.66,30.04,,32.56,31.71,,87,,43.72,40.26,33,,39.79,31.92,,57.6,40.65,40,,5.36,5,5,,15.5,72.06,,,42.5366089,20.2955676
AC8QFXSV,2022-11-06T13:00:00.000Z,,0.13,1.58,,1.38,1.64,,11,,4.24,4.02,1,,2.31,1.68,,5.87,4.08,2,,12.87,12,13,,9.2,76.4,,,43.27359823,20.00230503
A3QK8XR1,2022-11-06T13:00:00.000Z,,20.9,35.04,,35.24,37.07,,99,,22.58,24.67,35,,50.39,37.54,,30.25,24.89,50,,4.49,4,4,,22.19,47.57,,,44.010408,20.91121
AQVRLJYL,2022-11-06T13:00:00.000Z,,,,,,,,,,48.89,21.03,,,,,,86.88,21.44,,,9.19,9,9,,12.68,85.43,,,44.664514,20.928384
A2027ZB9,2022-11-06T13:00:00.000Z,,38.23,56.97,,74.88,61.67,,159,,64.49,48.47,75,,106.06,62.84,,87.49,49.28,106,,16.56,16,17,,13.25,82.32,,,44.797027,20.528377
AY1R2WBZ,2022-11-06T13:00:00.000Z,,43.04,94.29,,76.74,100.16,,159,,62.34,80.74,77,,91.85,101.13,,77,81.43,92,,9.45,9,9,,18.72,49.64,,,43.0671684,22.4085712
A0VTV4M9,2022-11-06T13:00:00.000Z,,36.77,51.07,,64.72,54.49,,,,44.23,31.65,65,,90.66,55.3,,55.78,32.08,91,,12.43,12,12,,12.01,80.1,,,44.010408,20.91121
AHVMMMWN,2022-11-06T13:00:00.000Z,,66.68,133.81,,128.07,142.91,,183,,93.15,98.57,128,,162.77,144.61,,119.64,99.62,163,,8.36,8,8,,13.45,73.68,,,43.0671684,22.4085712
ABZ0QQ65,2022-11-06T13:00:00.000Z,,17.68,30.64,,29.86,32.62,,88,,32.13,37.82,30,,34.1,32.84,,37.75,38.07,34,,12.84,12,13,,20.22,49.99,,,44.664514,20.928384
RQMLY1RN,2022-11-06T13:00:00.000Z,,,,,,,,,,,,,,,,,,,,,11.65,11,12,,,,,,44.011573,20.925031
RMQF0HMT,2022-11-06T13:00:00.000Z,,,,,29.47,,,88,,25.89,,29,,38.77,,,32.9,,39,,7.88,7,8,3.11,,,,,44.82112,20.459113
RQCHFQWB,2022-11-06T13:00:00.000Z,,,,,27.18,,,81,,23.39,,27,,28.17,,,24.04,,28,,11.52,11,12,,,,,,44.798746,20.450184
RNVM05M6,2022-11-06T13:00:00.000Z,,,,,,,,,,,,,,,,,,,,,8.58,8,9,4.8,,,,,44.796959,20.475288
RH91V0ZQ,2022-11-06T13:00:00.000Z,,,,,,,,,,,,,,,,,,,,,6.39,6,6,,,,,,44.652336,20.931675
RV7PD1M1,2022-11-06T13:00:00.000Z,,,,,33.59,,,88,,20.85,,34,,35.58,,,21.48,,36,,,,,,,,,,44.664084,20.926729
A5H2PCSZ,2022-11-06T12:00:00.000Z,,16.76,28.52,,27.42,30.19,,79,,29.55,33.74,27,,29.97,30.41,,32.75,33.95,30,,-0.07,,,,25.59,43.16,,,44.797027,20.528377
AC8QFXSV,2022-11-06T12:00:00.000Z,,2.44,5.9,,5.65,6.11,,17,,4.36,4.14,6,,8.58,6.17,,6.03,4.2,9,,5.76,5,6,,10.83,72.53,,,43.27359823,20.00230503
AHVMMMWN,2022-11-06T12:00:00.000Z,,60.38,121.17,,113.99,129.27,,179,,89.4,94.28,114,,140.26,130.67,,114.78,95.27,140,,6.38,6,6,,13.95,71.59,,,43.0671684,22.4085712
ABZ0QQ65,2022-11-06T12:00:00.000Z,,17.19,30.9,,30.1,32.81,,88,,32.52,38.64,30,,34.44,33.06,,38.34,38.9,34,,12.25,12,12,,20.28,49.84,,,44.664514,20.928384
A9YQLGCC,2022-11-06T12:00:00.000Z,,15.69,22.8,,24.68,24.08,,80,,43.48,40.11,25,,28.24,24.22,,57.42,40.51,28,,5.35,5,5,,15.71,73.25,,,42.5366089,20.2955676
A3QK8XR1,2022-11-06T12:00:00.000Z,,25.04,45.03,,41.79,47.77,,98,,22.91,25.25,42,,59.87,48.34,,30.61,25.46,60,,4.89,5,5,,22.19,47.85,,,44.010408,20.91121
A0VTV4M9,2022-11-06T12:00:00.000Z,,,,,,,,,,40.81,27.84,,,,,,49.97,28.21,,,,,,,,,,,44.010408,20.91121
AQVRLJYL,2022-11-06T12:00:00.000Z,,,,,,,,,,48.89,21.03,,,,,,86.88,21.44,,,7.82,7,8,,12.89,84.39,,,44.664514,20.928384
AY1R2WBZ,2022-11-06T12:00:00.000Z,,41.4,90.28,,72.75,95.59,,158,,61.33,79.35,73,,88.4,96.47,,76.02,80.02,88,,8.6,8,9,,18.75,49.12,,,43.0671684,22.4085712
A2027ZB9,2022-11-06T12:00:00.000Z,,35.38,50.29,,70.87,54.58,,158,,63.55,47.44,71,,101.16,55.7,,85.9,48.22,101,,15.33,14,15,,13.32,81.5,,,44.797027,20.528377
RQMLY1RN,2022-11-06T12:00:00.000Z,,,,,,,,,,,,,,,,,,,,,15.52,15,16,,,,,,44.011573,20.925031
RNVM05M6,2022-11-06T12:00:00.000Z,,,,,,,,,,,,,,,,,,,,,8.84,8,9,5.19,,,,,44.796959,20.475288
RQCHFQWB,2022-11-06T12:00:00.000Z,,,,,28.85,,,81,,22.79,,29,,29.68,,,23.41,,30,,11.96,11,12,,,,,,44.798746,20.450184
RMQF0HMT,2022-11-06T12:00:00.000Z,,,,,35.05,,,89,,25.41,,35,,49.35,,,32.13,,49,,7.61,7,8,4.72,,,,,44.82112,20.459113
RH91V0ZQ,2022-11-06T12:00:00.000Z,,,,,,,,,,,,,,,,,,,,,5.22,5,5,,,,,,44.652336,20.931675
RV7PD1M1,2022-11-06T12:00:00.000Z,,,,,27.63,,,80,,20.29,,28,,29.07,,,20.93,,29,,,,,,,,,,44.664084,20.926729
A5H2PCSZ,2022-11-06T11:00:00.000Z,,15.98,27.1,,25.59,28.64,,77,,29.94,34.36,26,,27.6,28.83,,33.28,34.58,28,,0.26,0,0,,25.43,43.21,,,44.797027,20.528377
AHVMMMWN,2022-11-06T11:00:00.000Z,,51.11,99.44,,93.19,105.74,,177,,86.85,91.68,93,,113.66,106.81,,111.67,92.64,114,,8.26,8,8,,13.09,74.06,,,43.0671684,22.4085712
AY1R2WBZ,2022-11-06T11:00:00.000Z,,41.11,89.39,,72.21,94.9,,157,,60.54,78.23,72,,86.91,95.71,,75.19,78.89,87,,8.93,8,9,,18.74,48.89,,,43.0671684,22.4085712
A2027ZB9,2022-11-06T11:00:00.000Z,,35.18,49.16,,67.48,53.01,,157,,62.58,46.67,67,,97.85,54.04,,84.19,47.41,98,,13.83,13,14,,13.35,81.06,,,44.797027,20.528377
AC8QFXSV,2022-11-06T11:00:00.000Z,,1.21,3.67,,3.08,3.78,,10,,4.3,4.08,3,,4.72,3.82,,5.93,4.14,5,,1.98,2,2,,11.32,71.45,,,43.27359823,20.00230503
ABZ0QQ65,2022-11-06T11:00:00.000Z,,16.85,29.73,,29.24,31.57,,88,,32.87,39.46,29,,32.82,31.8,,38.88,39.71,33,,12.46,12,12,,20.33,49.72,,,44.664514,20.928384
AQVRLJYL,2022-11-06T11:00:00.000Z,,,,,,,,,,48.89,21.03,,,,,,86.88,21.44,,,6.65,6,7,,12.87,84.51,,,44.664514,20.928384
A9YQLGCC,2022-11-06T11:00:00.000Z,,15.05,20.8,,23.59,22.03,,82,,43.42,40.15,24,,29.66,22.2,,57.48,40.55,30,,7.24,7,7,,14.62,77.24,,,42.5366089,20.2955676
A0VTV4M9,2022-11-06T11:00:00.000Z,,,,,,,,,,40.81,27.84,,,,,,49.97,28.21,,,,,,,,,,,44.010408,20.91121
A3QK8XR1,2022-11-06T11:00:00.000Z,,23.35,40.44,,39.13,42.87,,83,,23.14,25.72,39,,55.95,43.4,,30.81,25.94,56,,4.86,5,5,,22.09,47.76,,,44.010408,20.91121
RNVM05M6,2022-11-06T11:00:00.000Z,,,,,,,,,,,,,,,,,,,,,8.94,8,9,6.05,,,,,44.796959,20.475288
RMQF0HMT,2022-11-06T11:00:00.000Z,,,,,29.18,,,83,,24.81,,29,,40.15,,,31.1,,40,,7.73,7,8,5.57,,,,,44.82112,20.459113
RH91V0ZQ,2022-11-06T11:00:00.000Z,,,,,,,,,,,,,,,,,,,,,4.63,4,5,,,,,,44.652336,20.931675
RQMLY1RN,2022-11-06T11:00:00.000Z,,,,,,,,,,,,,,,,,,,,,8.56,8,9,,,,,,44.011573,20.925031
RV7PD1M1,2022-11-06T11:00:00.000Z,,,,,25.25,,,77,,20.42,,25,,26.78,,,21.29,,27,,,,,,,,,,44.664084,20.926729
RQCHFQWB,2022-11-06T11:00:00.000Z,,,,,29.05,,,79,,22.16,,29,,29.99,,,22.77,,30,,12.38,12,12,,,,,,44.798746,20.450184
A5H2PCSZ,2022-11-06T10:00:00.000Z,,14.62,24.81,,23.98,26.29,,77,,30.36,34.99,24,,25.56,26.46,,33.9,35.21,26,,-0.59,,,,25.24,43.4,,,44.797027,20.528377
AY1R2WBZ,2022-11-06T10:00:00.000Z,,42.85,93.75,,76.16,99.45,,156,,59.83,77.31,76,,90.74,100.38,,74.54,77.96,91,,9.49,9,9,,18.75,48.77,,,43.0671684,22.4085712
A0VTV4M9,2022-11-06T10:00:00.000Z,,,,,,,,,,40.81,27.84,,,,,,49.97,28.21,,,,,,,,,,,44.010408,20.91121
A3QK8XR1,2022-11-06T10:00:00.000Z,,12.23,20.6,,19.23,21.64,,59,,23.37,26.26,19,,26.14,21.83,,31.02,26.48,26,,4.48,4,4,,21.97,47.66,,,44.010408,20.91121
AHVMMMWN,2022-11-06T10:00:00.000Z,,69.82,131.61,,126.61,139.92,,182,,84.66,89.2,127,,157.38,141.37,,108.98,90.13,157,,9.59,9,10,,12.14,75.11,,,43.0671684,22.4085712
A2027ZB9,2022-11-06T10:00:00.000Z,,33.97,46.13,,65.68,49.68,,157,,62.29,46.5,66,,92.33,50.64,,83.44,47.23,92,,13.36,13,13,,13.28,81.25,,,44.797027,20.528377
A9YQLGCC,2022-11-06T10:00:00.000Z,,15.42,21.07,,23.98,22.23,,90,,42.8,39.7,24,,28.45,22.36,,56.72,40.1,28,,7.72,7,8,,13.56,80.39,,,42.5366089,20.2955676
AC8QFXSV,2022-11-06T10:00:00.000Z,,0.38,2.25,,2.32,2.35,,7,,4.33,4.12,2,,3.21,2.4,,5.94,4.19,3,,11.82,11,12,,9.29,78.34,,,43.27359823,20.00230503
AQVRLJYL,2022-11-06T10:00:00.000Z,,,,,,,,,,48.89,21.03,,,,,,86.88,21.44,,,7.53,7,8,,12.6,85.72,,,44.664514,20.928384
ABZ0QQ65,2022-11-06T10:00:00.000Z,,17.08,29.81,,28.77,31.7,,89,,33.25,40.3,29,,32.23,31.93,,39.49,40.56,32,,12.74,12,13,,20.33,49.75,,,44.664514,20.928384
RH91V0ZQ,2022-11-06T10:00:00.000Z,,,,,,,,,,,,,,,,,,,,,4.64,4,5,,,,,,44.652336,20.931675
RQMLY1RN,2022-11-06T10:00:00.000Z,,,,,,,,,,,,,,,,,,,,,9.98,9,10,,,,,,44.011573,20.925031
RMQF0HMT,2022-11-06T10:00:00.000Z,,,,,27.64,,,81,,24.66,,28,,40.26,,,30.77,,40,,7.51,7,8,5.72,,,,,44.82112,20.459113
RQCHFQWB,2022-11-06T10:00:00.000Z,,,,,26.12,,,74,,21.69,,26,,27.08,,,22.3,,27,,12.51,12,13,,,,,,44.798746,20.450184
RNVM05M6,2022-11-06T10:00:00.000Z,,,,,,,,,,,,,,,,,,,,,8.97,8,9,7.13,,,,,44.796959,20.475288
RV7PD1M1,2022-11-06T10:00:00.000Z,,,,,25.94,,,76,,20.69,,26,,26.83,,,21.82,,27,,,,,,,,,,44.664084,20.926729
A5H2PCSZ,2022-11-06T09:00:00.000Z,,13.82,23.74,,21.95,25.1,,77,,30.74,35.56,22,,24.07,25.25,,34.42,35.78,24,,-0.03,,,,24.92,43.76,,,44.797027,20.528377
A0VTV4M9,2022-11-06T09:00:00.000Z,,23,27.7,,41.98,29.39,,,,44.22,34.76,42,,51.67,29.73,,55.11,35.18,52,,12.78,12,13,,11.96,80.28,,,44.010408,20.91121
AQVRLJYL,2022-11-06T09:00:00.000Z,,,,,,,,,,48.89,21.03,,,,,,86.88,21.44,,,6.67,6,7,,12.04,87.36,,,44.664514,20.928384
ABZ0QQ65,2022-11-06T09:00:00.000Z,,17.43,30.34,,29.47,32.22,,89,,33.65,41.15,29,,34.03,32.45,,40.09,41.41,34,,12.3,12,12,,20.24,49.96,,,44.664514,20.928384
AY1R2WBZ,2022-11-06T09:00:00.000Z,,37.77,77.86,,64,82.63,,153,,59.04,76.45,64,,81.37,83.42,,73.84,77.08,81,,7.84,7,8,,18.76,47.93,,,43.0671684,22.4085712
A3QK8XR1,2022-11-06T09:00:00.000Z,,7.39,13.71,,11.56,14.4,,52,,24.4,27.65,12,,16.78,14.52,,32.46,27.87,17,,4.45,4,4,,21.82,47.7,,,44.010408,20.91121
AC8QFXSV,2022-11-06T09:00:00.000Z,,0,1.33,,0.77,1.36,,5,,4.33,4.15,1,,1.56,1.39,,5.94,4.21,2,,12.67,12,13,,8.25,79.18,,,43.27359823,20.00230503
AHVMMMWN,2022-11-06T09:00:00.000Z,,67.19,127.53,,126.29,135.81,,179,,81.04,85.14,126,,159.01,137.28,,104.46,86.02,159,,7.86,7,8,,11.54,73.96,,,43.0671684,22.4085712
A9YQLGCC,2022-11-06T09:00:00.000Z,,18.75,24.81,,30.59,26.33,,106,,42.06,39.11,31,,37.17,26.52,,55.9,39.51,37,,10.29,10,10,,12.82,83.12,,,42.5366089,20.2955676
A2027ZB9,2022-11-06T09:00:00.000Z,,35.04,47.77,,67.92,51.59,,157,,62.32,46.91,68,,94.99,52.56,,83.32,47.64,95,,14.92,14,15,,12.9,82.31,,,44.797027,20.528377
RV7PD1M1,2022-11-06T09:00:00.000Z,,,,,23.97,,,72,,21.09,,24,,24.24,,,22.35,,24,,,,,,,,,,44.664084,20.926729
RQMLY1RN,2022-11-06T09:00:00.000Z,,,,,,,,,,,,,,,,,,,,,9.06,9,9,,,,,,44.011573,20.925031
RNVM05M6,2022-11-06T09:00:00.000Z,,,,,,,,,,,,,,,,,,,,,8.86,8,9,6.78,,,,,44.796959,20.475288
RQCHFQWB,2022-11-06T09:00:00.000Z,,,,,21.82,,,72,,21.85,,22,,22.44,,,22.51,,22,,13.09,12,13,,,,,,44.798746,20.450184
RMQF0HMT,2022-11-06T09:00:00.000Z,,,,,27.7,,,81,,24.86,,28,,39.65,,,30.83,,40,,6.6,6,7,5.39,,,,,44.82112,20.459113
RH91V0ZQ,2022-11-06T09:00:00.000Z,,,,,,,,,,,,,,,,,,,,,4.14,4,4,,,,,,44.652336,20.931675
A5H2PCSZ,2022-11-06T08:00:00.000Z,,14.02,23.59,,22.29,24.86,,79,,31.15,36.13,22,,24.18,25.03,,34.91,36.36,24,,1.32,1,1,,24.5,44.3,,,44.797027,20.528377
AQVRLJYL,2022-11-06T08:00:00.000Z,,,,,,,,,,48.89,21.03,,,,,,86.88,21.44,,,7.48,7,7,,11.6,89.07,,,44.664514,20.928384
A9YQLGCC,2022-11-06T08:00:00.000Z,,26.06,34.42,,41.71,36.46,,122,,41.56,38.71,42,,54.41,36.78,,55.54,39.11,54,,9.64,9,10,,12.04,83.85,,,42.5366089,20.2955676
A2027ZB9,2022-11-06T08:00:00.000Z,,34.6,46.38,,65.26,49.84,,156,,62.87,48.25,65,,89.7,50.64,,83.58,48.98,90,,16.57,16,17,,12.4,83.48,,,44.797027,20.528377
A0VTV4M9,2022-11-06T08:00:00.000Z,,,,,,,,,,44.6,35.66,,,,,,55.69,36.09,,,,,,,,,,,44.010408,20.91121
ABZ0QQ65,2022-11-06T08:00:00.000Z,,17.75,30.65,,29.51,32.53,,90,,33.98,41.93,30,,34.25,32.8,,40.58,42.19,34,,12.35,12,12,,20.16,50.17,,,44.664514,20.928384
AHVMMMWN,2022-11-06T08:00:00.000Z,,52.1,94.86,,100.59,101.44,,170,,77.87,81.83,101,,128.71,102.77,,100.48,82.67,129,,8.82,8,9,,10.57,76.18,,,43.0671684,22.4085712
AY1R2WBZ,2022-11-06T08:00:00.000Z,,34.92,69.01,,58.3,73.21,,152,,59,76.68,58,,76.03,73.88,,73.79,77.31,76,,7.31,7,7,,18.76,47.37,,,43.0671684,22.4085712
AC8QFXSV,2022-11-06T08:00:00.000Z,,0.33,1.96,,1.89,2.04,,7,,4.52,4.31,2,,2.58,2.08,,6.24,4.37,3,,15.64,15,16,,6.99,82.6,,,43.27359823,20.00230503
A3QK8XR1,2022-11-06T08:00:00.000Z,,6.8,12.46,,11.34,13.11,,54,,25.59,29.03,11,,15.69,13.22,,34.08,29.27,16,,4.82,5,5,,21.58,48,,,44.010408,20.91121
RV7PD1M1,2022-11-06T08:00:00.000Z,,,,,22.99,,,70,,21.66,,23,,23.38,,,23.08,,23,,,,,,,,,,44.664084,20.926729
RQMLY1RN,2022-11-06T08:00:00.000Z,,,,,,,,,,,,,,,,,,,,,9.84,9,10,,,,,,44.011573,20.925031
RQCHFQWB,2022-11-06T08:00:00.000Z,,,,,22.82,,,72,,22.32,,23,,24,,,23,,24,,12.45,12,12,,,,,,44.798746,20.450184
RMQF0HMT,2022-11-06T08:00:00.000Z,,,,,27.28,,,80,,25.03,,27,,39.21,,,30.7,,39,,6.76,6,7,4.14,,,,,44.82112,20.459113
RNVM05M6,2022-11-06T08:00:00.000Z,,,,,,,,,,,,,,,,,,,,,8.86,8,9,5.48,,,,,44.796959,20.475288
RH91V0ZQ,2022-11-06T08:00:00.000Z,,,,,,,,,,,,,,,,,,,,,4.18,4,4,,,,,,44.652336,20.931675
A5H2PCSZ,2022-11-06T07:00:00.000Z,,14.85,25.21,,23.95,26.63,,82,,31.55,36.74,24,,25.35,26.8,,35.38,36.96,25,,2.63,2,3,,23.85,45.2,,,44.797027,20.528377
A9YQLGCC,2022-11-06T07:00:00.000Z,,29.44,39.84,,47.65,42.31,,125,,40.6,37.99,48,,63.9,42.73,,54.42,38.39,64,,11.69,11,12,,11.51,85.02,,,42.5366089,20.2955676
AC8QFXSV,2022-11-06T07:00:00.000Z,,0.01,1.25,,1.24,1.3,,5,,4.61,4.39,1,,1.31,1.33,,6.38,4.46,1,,14.9,14,15,,6.58,82.68,,,43.27359823,20.00230503
A3QK8XR1,2022-11-06T07:00:00.000Z,,7.63,13.37,,12.33,14.09,,58,,26.75,30.39,12,,16.5,14.2,,35.59,30.63,16,,5.02,5,5,,21.36,48.35,,,44.010408,20.91121
AQVRLJYL,2022-11-06T07:00:00.000Z,,,,,,,,,,48.89,21.03,,,,,,86.88,21.44,,,7.55,7,8,,11.32,89.88,,,44.664514,20.928384
A2027ZB9,2022-11-06T07:00:00.000Z,,36.04,48.61,,67.89,52.35,,156,,65.52,51.58,68,,94.35,53.22,,86.2,52.34,94,,17.19,16,17,,12.07,84.42,,,44.797027,20.528377
AY1R2WBZ,2022-11-06T07:00:00.000Z,,33.43,62.46,,54.01,66.06,,151,,59.35,77.55,54,,69.55,66.6,,74.1,78.18,70,,5.17,5,5,,18.78,46.6,,,43.0671684,22.4085712
A0VTV4M9,2022-11-06T07:00:00.000Z,,,,,,,,,,44.6,35.66,,,,,,55.69,36.09,,,,,,,,,,,44.010408,20.91121
AHVMMMWN,2022-11-06T07:00:00.000Z,,47.04,79.49,,88.4,85,,166,,76.92,81.46,88,,116.42,86.17,,99.15,82.27,116,,10.94,10,11,,9.48,78.72,,,43.0671684,22.4085712
ABZ0QQ65,2022-11-06T07:00:00.000Z,,17.43,30.39,,28.89,32.28,,90,,34.31,42.64,29,,32.03,32.46,,41.04,42.9,32,,12.79,12,13,,20.13,50.27,,,44.664514,20.928384
RV7PD1M1,2022-11-06T07:00:00.000Z,,,,,21.71,,,67,,22.38,,22,,22.18,,,23.94,,22,,,,,,,,,,44.664084,20.926729
RQMLY1RN,2022-11-06T07:00:00.000Z,,,,,,,,,,,,,,,,,,,,,9.55,9,10,,,,,,44.011573,20.925031
RNVM05M6,2022-11-06T07:00:00.000Z,,,,,,,,,,,,,,,,,,,,,8.57,8,9,6.4,,,,,44.796959,20.475288
RH91V0ZQ,2022-11-06T07:00:00.000Z,,,,,,,,,,,,,,,,,,,,,4.02,4,4,,,,,,44.652336,20.931675
RQCHFQWB,2022-11-06T07:00:00.000Z,,,,,23.73,,,72,,22.67,,24,,24.88,,,23.35,,25,,11.87,11,12,,,,,,44.798746,20.450184
RMQF0HMT,2022-11-06T07:00:00.000Z,,,,,26.22,,,79,,25.52,,26,,36.73,,,30.9,,37,,4.47,4,4,7.53,,,,,44.82112,20.459113
A5H2PCSZ,2022-11-06T06:00:00.000Z,,16.26,26.97,,26.34,28.56,,85,,31.94,37.3,26,,28.02,28.75,,35.9,37.53,28,,5.12,5,5,,23.07,46.2,,,44.797027,20.528377
AC8QFXSV,2022-11-06T06:00:00.000Z,,0.11,1.58,,1.27,1.64,,6,,4.67,4.46,1,,1.78,1.67,,6.48,4.53,2,,15.82,15,16,,6.24,83.11,,,43.27359823,20.00230503
AHVMMMWN,2022-11-06T06:00:00.000Z,,48.99,80.18,,86.88,85.43,,164,,78.38,83.4,87,,115.32,86.4,,100.76,84.22,115,,11.02,10,11,,8.55,78.45,,,43.0671684,22.4085712
ABZ0QQ65,2022-11-06T06:00:00.000Z,,17.66,30.79,,29.29,32.69,,91,,34.61,43.3,29,,33.47,32.9,,41.54,43.57,33,,12.83,12,13,,20.14,50.24,,,44.664514,20.928384
A9YQLGCC,2022-11-06T06:00:00.000Z,,24.44,31.17,,40.12,33.11,,122,,39.13,36.72,40,,51.78,33.42,,52.51,37.1,52,,11.24,11,11,,11.1,85.61,,,42.5366089,20.2955676
A3QK8XR1,2022-11-06T06:00:00.000Z,,9.63,16.69,,16.31,17.71,,67,,27.89,31.72,16,,20.6,17.84,,37.19,31.98,21,,5.45,5,5,,21.16,48.52,,,44.010408,20.91121
A0VTV4M9,2022-11-06T06:00:00.000Z,,,,,,,,,,44.6,35.66,,,,,,55.69,36.09,,,,,,,,,,,44.010408,20.91121
AQVRLJYL,2022-11-06T06:00:00.000Z,,,,,,,,,,48.89,21.03,,,,,,86.88,21.44,,,7.82,7,8,,11.06,90.15,,,44.664514,20.928384
AY1R2WBZ,2022-11-06T06:00:00.000Z,,32.9,62.49,,54.25,66,,152,,60.06,78.94,54,,69.96,66.56,,74.8,79.58,70,,4.52,4,5,,18.79,46.15,,,43.0671684,22.4085712
A2027ZB9,2022-11-06T06:00:00.000Z,,33.79,43.31,,63.67,46.72,,156,,65.53,52.13,64,,86.33,47.46,,86.01,52.89,86,,18.6,18,19,,11.99,84.73,,,44.797027,20.528377
RNVM05M6,2022-11-06T06:00:00.000Z,,,,,,,,,,,,,,,,,,,,,8.43,8,8,6.85,,,,,44.796959,20.475288
RH91V0ZQ,2022-11-06T06:00:00.000Z,,,,,,,,,,,,,,,,,,,,,3.96,4,4,,,,,,44.652336,20.931675
RQMLY1RN,2022-11-06T06:00:00.000Z,,,,,,,,,,,,,,,,,,,,,8.26,8,8,,,,,,44.011573,20.925031
RQCHFQWB,2022-11-06T06:00:00.000Z,,,,,22.17,,,71,,22.98,,22,,22.61,,,23.66,,23,,10.04,9,10,,,,,,44.798746,20.450184
RMQF0HMT,2022-11-06T06:00:00.000Z,,,,,25.18,,,78,,25.74,,25,,33.87,,,30.94,,34,,5.34,5,5,7.07,,,,,44.82112,20.459113
RV7PD1M1,2022-11-06T06:00:00.000Z,,,,,19.63,,,64,,22.89,,20,,19.78,,,24.49,,20,,,,,,,,,,44.664084,20.926729
A5H2PCSZ,2022-11-06T05:00:00.000Z,,17.38,28.29,,28.13,29.89,,87,,32.32,37.92,28,,30.02,30.11,,36.48,38.15,30,,7.45,7,7,,22.46,46.95,,,44.797027,20.528377
AHVMMMWN,2022-11-06T05:00:00.000Z,,42.97,64.29,,72.03,68.3,,161,,80.36,85.8,72,,99.09,69.04,,103.12,86.64,99,,10.71,10,11,,8.2,77.14,,,43.0671684,22.4085712
AY1R2WBZ,2022-11-06T05:00:00.000Z,,33.45,63.05,,54.15,66.51,,153,,60.19,79.41,54,,69.41,67.05,,74.98,80.06,69,,3.42,3,3,,18.84,45.82,,,43.0671684,22.4085712
A2027ZB9,2022-11-06T05:00:00.000Z,,31.72,40.01,,60,43.01,,156,,65.67,52.8,60,,80.83,43.69,,86.03,53.55,81,,17.93,17,18,,12.03,84.33,,,44.797027,20.528377
AC8QFXSV,2022-11-06T05:00:00.000Z,,0.41,2.11,,1.7,2.18,,6,,4.87,4.6,2,,2.89,2.21,,6.75,4.67,3,,14.49,14,14,,5.93,82.89,,,43.27359823,20.00230503
ABZ0QQ65,2022-11-06T05:00:00.000Z,,18.25,31.41,,29.89,33.36,,92,,34.95,44.04,30,,33.9,33.59,,42.06,44.31,34,,12.78,12,13,,20.16,50.21,,,44.664514,20.928384
AQVRLJYL,2022-11-06T05:00:00.000Z,,24.65,19.87,,48.89,21.03,,,,48.89,21.03,49,,86.88,21.44,,86.88,21.44,87,,8.81,8,9,,10.94,89.88,,,44.664514,20.928384
A9YQLGCC,2022-11-06T05:00:00.000Z,,27.62,36.99,,46.9,39.48,,127,,39.54,37.47,47,,61.45,39.89,,53.17,37.86,61,,12.05,11,12,,11.08,85.09,,,42.5366089,20.2955676
A0VTV4M9,2022-11-06T05:00:00.000Z,,18.78,22.99,,39.1,24.66,,,,47.02,39.56,39,,44.84,25.01,,59.15,40.02,45,,17.87,17,18,,11.16,82.63,,,44.010408,20.91121
A3QK8XR1,2022-11-06T05:00:00.000Z,,11.41,18.96,,20.27,20.19,,71,,28.72,32.66,20,,26.5,20.36,,38.41,32.93,26,,5.34,5,5,,20.98,48.6,,,44.010408,20.91121
RV7PD1M1,2022-11-06T05:00:00.000Z,,,,,19.16,,,63,,23.27,,19,,19.24,,,24.91,,19,,,,,,,,,,44.664084,20.926729
RQMLY1RN,2022-11-06T05:00:00.000Z,,,,,,,,,,,,,,,,,,,,,6.98,7,7,,,,,,44.011573,20.925031
RQCHFQWB,2022-11-06T05:00:00.000Z,,,,,20.63,,,71,,23.14,,21,,20.94,,,23.82,,21,,8.84,8,9,,,,,,44.798746,20.450184
RMQF0HMT,2022-11-06T05:00:00.000Z,,,,,25.19,,,77,,25.81,,25,,32.55,,,30.84,,33,,5.31,5,5,7.21,,,,,44.82112,20.459113
RNVM05M6,2022-11-06T05:00:00.000Z,,,,,,,,,,,,,,,,,,,,,7.51,7,8,8.53,,,,,44.796959,20.475288
RH91V0ZQ,2022-11-06T05:00:00.000Z,,,,,,,,,,,,,,,,,,,,,3.37,3,3,,,,,,44.652336,20.931675
A5H2PCSZ,2022-11-06T04:00:00.000Z,,17.48,28.34,,29.11,30.01,,87,,32.74,38.61,29,,31.39,30.25,,37.16,38.85,31,,6.78,6,7,,22.44,46.91,,,44.797027,20.528377
AY1R2WBZ,2022-11-06T04:00:00.000Z,,34.95,68.26,,56.06,71.96,,155,,60.23,79.58,56,,72.76,72.58,,75.09,80.23,73,,3.23,3,3,,18.87,45.64,,,43.0671684,22.4085712
A0VTV4M9,2022-11-06T04:00:00.000Z,,,,,,,,,,48.34,42.05,,,,,,61.54,42.53,,,,,,,,,,,44.010408,20.91121
A3QK8XR1,2022-11-06T04:00:00.000Z,,12.65,20.41,,21.92,21.74,,72,,29.39,33.48,22,,30.9,21.96,,39.38,33.76,31,,5.17,5,5,,20.93,48.63,,,44.010408,20.91121
AHVMMMWN,2022-11-06T04:00:00.000Z,,42.27,60.87,,69.87,64.59,,162,,81.61,87.33,70,,96.64,65.36,,104.64,88.19,97,,9.93,9,10,,7.94,76.52,,,43.0671684,22.4085712
A2027ZB9,2022-11-06T04:00:00.000Z,,35.45,47.91,,66.63,51.51,,158,,65.5,52.97,67,,91.11,52.34,,85.58,53.72,91,,18.34,17,18,,12.02,84.06,,,44.797027,20.528377
A9YQLGCC,2022-11-06T04:00:00.000Z,,22.84,29.13,,39.37,31.12,,127,,39.3,37.27,39,,49.31,31.4,,52.97,37.66,49,,11.33,11,11,,11.34,83.93,,,42.5366089,20.2955676
AC8QFXSV,2022-11-06T04:00:00.000Z,,0.06,1.07,,1.23,1.12,,5,,4.83,4.54,1,,1.42,1.15,,6.67,4.6,1,,16.08,15,16,,5.94,83.52,,,43.27359823,20.00230503
AQVRLJYL,2022-11-06T04:00:00.000Z,,,,,,,,,,,,,,,,,,,,,8.33,8,8,,10.92,88.16,,,44.664514,20.928384
ABZ0QQ65,2022-11-06T04:00:00.000Z,,18.11,32.06,,29.7,33.97,,93,,35.34,44.86,30,,34.12,34.19,,42.65,45.13,34,,13.33,13,13,,20.22,50.12,,,44.664514,20.928384
RMQF0HMT,2022-11-06T04:00:00.000Z,,,,,23.27,,,77,,25.59,,23,,29.41,,,30.37,,29,,3.95,4,4,8.15,,,,,44.82112,20.459113
RNVM05M6,2022-11-06T04:00:00.000Z,,,,,,,,,,,,,,,,,,,,,6.48,6,6,9.5,,,,,44.796959,20.475288
RV7PD1M1,2022-11-06T04:00:00.000Z,,,,,15.65,,,60,,23.6,,16,,15.71,,,25.28,,16,,,,,,,,,,44.664084,20.926729
RQMLY1RN,2022-11-06T04:00:00.000Z,,,,,,,,,,,,,,,,,,,,,6.33,6,6,,,,,,44.011573,20.925031
RQCHFQWB,2022-11-06T04:00:00.000Z,,,,,19.93,,,71,,23.02,,20,,20.35,,,23.72,,20,,8.89,8,9,,,,,,44.798746,20.450184
RH91V0ZQ,2022-11-06T04:00:00.000Z,,,,,,,,,,,,,,,,,,,,,3.64,3,4,,,,,,44.652336,20.931675
A5H2PCSZ,2022-11-06T03:00:00.000Z,,17.11,28.21,,27.3,29.83,,88,,33.21,39.47,27,,29.79,30,,37.92,39.71,30,,7.07,7,7,,22.63,46.72,,,44.797027,20.528377
A0VTV4M9,2022-11-06T03:00:00.000Z,,,,,,,,,,48.34,42.05,,,,,,61.54,42.53,,,,,,,,,,,44.010408,20.91121
AQVRLJYL,2022-11-06T03:00:00.000Z,,,,,,,,,,,,,,,,,,,,,7.76,7,8,,10.86,87.94,,,44.664514,20.928384
ABZ0QQ65,2022-11-06T03:00:00.000Z,,19.12,33.65,,31.05,35.65,,94,,35.79,45.81,31,,36,35.9,,43.32,46.09,36,,12.95,12,13,,20.28,49.98,,,44.664514,20.928384
AY1R2WBZ,2022-11-06T03:00:00.000Z,,38.41,80.89,,62.54,85.34,,157,,60.26,79.71,63,,80.47,86.06,,75.13,80.36,80,,2.76,3,3,,18.93,45.7,,,43.0671684,22.4085712
A3QK8XR1,2022-11-06T03:00:00.000Z,,14.18,22.9,,24.4,24.42,,72,,30,34.26,24,,31.03,24.62,,40.13,34.54,31,,4.76,4,5,,20.97,48.4,,,44.010408,20.91121
AC8QFXSV,2022-11-06T03:00:00.000Z,,0.15,1.71,,1.51,1.76,,6,,4.82,4.52,2,,2,1.8,,6.66,4.59,2,,15.08,14,15,,5.88,82.89,,,43.27359823,20.00230503
AHVMMMWN,2022-11-06T03:00:00.000Z,,41.62,60.93,,68.73,64.53,,166,,81.66,87.4,69,,94.71,65.22,,104.66,88.27,95,,9.5,9,10,,8.1,74.86,,,43.0671684,22.4085712
A9YQLGCC,2022-11-06T03:00:00.000Z,,24.36,31.54,,42.11,33.73,,136,,39.39,37.6,42,,56.19,34.1,,53.19,38,56,,10.77,10,11,,11.51,82.34,,,42.5366089,20.2955676
A2027ZB9,2022-11-06T03:00:00.000Z,,40.31,58.32,,71.03,62.24,,159,,65.07,52.93,71,,96.27,63.06,,84.78,53.66,96,,18.85,18,19,,12.02,83.94,,,44.797027,20.528377
RQCHFQWB,2022-11-06T03:00:00.000Z,,,,,21.02,,,73,,22.95,,21,,21.46,,,23.66,,21,,8.21,8,8,,,,,,44.798746,20.450184
RQMLY1RN,2022-11-06T03:00:00.000Z,,,,,,,,,,,,,,,,,,,,,5.35,5,5,,,,,,44.011573,20.925031
RMQF0HMT,2022-11-06T03:00:00.000Z,,,,,24.44,,,78,,25.61,,24,,30.71,,,30.31,,31,,4.12,4,4,8.7,,,,,44.82112,20.459113
RV7PD1M1,2022-11-06T03:00:00.000Z,,,,,14.92,,,61,,23.97,,15,,15.1,,,25.71,,15,,,,,,,,,,44.664084,20.926729
RNVM05M6,2022-11-06T03:00:00.000Z,,,,,,,,,,,,,,,,,,,,,6.27,6,6,10.85,,,,,44.796959,20.475288
RH91V0ZQ,2022-11-06T03:00:00.000Z,,,,,,,,,,,,,,,,,,,,,3.89,4,4,,,,,,44.652336,20.931675
A5H2PCSZ,2022-11-06T02:00:00.000Z,,17.21,27.83,,28.08,29.44,,89,,33.81,40.42,28,,29.58,29.63,,38.79,40.67,30,,6.17,6,6,,22.91,46.33,,,44.797027,20.528377
AQVRLJYL,2022-11-06T02:00:00.000Z,,,,,,,,,,,,,,,,,,,,,8,8,8,,10.86,87.89,,,44.664514,20.928384
A9YQLGCC,2022-11-06T02:00:00.000Z,,28.64,38.4,,50.7,41.19,,143,,38.79,37.17,51,,69.18,41.73,,52.35,37.55,69,,10.87,10,11,,11.44,83.58,,,42.5366089,20.2955676
A2027ZB9,2022-11-06T02:00:00.000Z,,44.67,67.47,,88.91,72.75,,159,,64.98,53.28,89,,121,73.94,,84.55,54.01,121,,17.13,16,17,,12.04,83.5,,,44.797027,20.528377
A0VTV4M9,2022-11-06T02:00:00.000Z,,24.42,30.02,,51.16,32.31,,,,48.34,42.05,51,,70.53,32.97,,61.54,42.53,71,,15.79,15,16,,11.2,81.2,,,44.010408,20.91121
ABZ0QQ65,2022-11-06T02:00:00.000Z,,18.94,34,,31.98,36.13,,96,,36.22,46.72,32,,37.51,36.4,,43.94,47,38,,13.49,13,13,,20.34,49.85,,,44.664514,20.928384
AHVMMMWN,2022-11-06T02:00:00.000Z,,54.84,95.87,,97.89,101.68,,174,,81.75,87.57,98,,127.62,102.83,,104.76,88.43,128,,9.88,9,10,,8.79,72.65,,,43.0671684,22.4085712
AY1R2WBZ,2022-11-06T02:00:00.000Z,,40.7,89.41,,68.85,94.33,,160,,60.18,79.73,69,,85.01,95.16,,75.08,80.39,85,,3.22,3,3,,18.99,45.84,,,43.0671684,22.4085712
AC8QFXSV,2022-11-06T02:00:00.000Z,,0.08,1.54,,1.31,1.58,,5,,4.82,4.54,1,,1.68,1.61,,6.68,4.61,2,,15.14,14,15,,5.85,82.64,,,43.27359823,20.00230503
A3QK8XR1,2022-11-06T02:00:00.000Z,,14.06,23.15,,24.19,24.55,,71,,30.48,34.9,24,,32.57,24.81,,40.92,35.19,33,,4.97,5,5,,21.04,48.2,,,44.010408,20.91121
RV7PD1M1,2022-11-06T02:00:00.000Z,,,,,16.51,,,64,,24.28,,17,,16.64,,,26.13,,17,,,,,,,,,,44.664084,20.926729
RNVM05M6,2022-11-06T02:00:00.000Z,,,,,,,,,,,,,,,,,,,,,6.71,6,7,11.91,,,,,44.796959,20.475288
RMQF0HMT,2022-11-06T02:00:00.000Z,,,,,25.17,,,78,,26.09,,25,,31.92,,,30.71,,32,,4.96,5,5,8.09,,,,,44.82112,20.459113
RQMLY1RN,2022-11-06T02:00:00.000Z,,,,,,,,,,,,,,,,,,,,,4.79,5,5,,,,,,44.011573,20.925031
RQCHFQWB,2022-11-06T02:00:00.000Z,,,,,21.87,,,74,,23.27,,22,,22.28,,,23.99,,22,,8.26,8,8,,,,,,44.798746,20.450184
RH91V0ZQ,2022-11-06T02:00:00.000Z,,,,,,,,,,,,,,,,,,,,,3.93,4,4,,,,,,44.652336,20.931675
A5H2PCSZ,2022-11-06T01:00:00.000Z,,17.73,29.18,,28.43,30.92,,90,,34.45,41.5,28,,30.87,31.11,,39.77,41.76,31,,6.45,6,6,,23.26,45.94,,,44.797027,20.528377
A9YQLGCC,2022-11-06T01:00:00.000Z,,29.19,40.1,,51.01,42.99,,143,,37.6,36.24,51,,68.36,43.48,,50.74,36.61,68,,12.34,12,12,,11.74,82.62,,,42.5366089,20.2955676
AC8QFXSV,2022-11-06T01:00:00.000Z,,0.05,1.4,,1.32,1.45,,5,,4.83,4.55,1,,1.61,1.49,,6.69,4.62,2,,14.57,14,15,,5.94,82.19,,,43.27359823,20.00230503
A3QK8XR1,2022-11-06T01:00:00.000Z,,12.11,20.1,,20.51,21.29,,66,,30.88,35.37,21,,28.19,21.5,,41.45,35.66,28,,4.18,4,4,,21.13,47.87,,,44.010408,20.91121
AQVRLJYL,2022-11-06T01:00:00.000Z,,,,,,,,,,,,,,,,,,,,,7.85,7,8,,10.84,86.81,,,44.664514,20.928384
A2027ZB9,2022-11-06T01:00:00.000Z,,27.53,33.81,,53.86,36.22,,153,,63.46,52.15,54,,68.94,36.78,,82.33,52.85,69,,18.91,18,19,,11.98,83.6,,,44.797027,20.528377
AY1R2WBZ,2022-11-06T01:00:00.000Z,,44.64,98.05,,75.99,103.45,,162,,60.24,79.96,76,,90.4,104.39,,75.09,80.61,90,,3.53,3,4,,19.04,45.96,,,43.0671684,22.4085712
A0VTV4M9,2022-11-06T01:00:00.000Z,,,,,,,,,,54.19,53.02,,,,,,67.44,53.57,,,,,,,,,,,44.010408,20.91121
AHVMMMWN,2022-11-06T01:00:00.000Z,,55.44,97.07,,98.04,102.94,,175,,81.47,87.22,98,,129.99,104.07,,104.5,88.08,130,,8.75,8,9,,9.58,70.85,,,43.0671684,22.4085712
ABZ0QQ65,2022-11-06T01:00:00.000Z,,19.74,35.02,,32.47,37.29,,96,,36.61,47.66,32,,37.64,37.53,,44.52,47.94,38,,13.43,13,13,,20.41,49.76,,,44.664514,20.928384
RH91V0ZQ,2022-11-06T01:00:00.000Z,,,,,,,,,,,,,,,,,,,,,4.54,4,5,,,,,,44.652336,20.931675
RQMLY1RN,2022-11-06T01:00:00.000Z,,,,,,,,,,,,,,,,,,,,,5.02,5,5,,,,,,44.011573,20.925031
RV7PD1M1,2022-11-06T01:00:00.000Z,,,,,17.96,,,68,,24.4,,18,,18.16,,,26.36,,18,,,,,,,,,,44.664084,20.926729
RMQF0HMT,2022-11-06T01:00:00.000Z,,,,,24.02,,,78,,26.77,,24,,28.19,,,31.42,,28,,5.55,5,6,6.81,,,,,44.82112,20.459113
RNVM05M6,2022-11-06T01:00:00.000Z,,,,,,,,,,,,,,,,,,,,,7.98,8,8,9.15,,,,,44.796959,20.475288
RQCHFQWB,2022-11-06T01:00:00.000Z,,,,,21.71,,,72,,23.84,,22,,22.16,,,24.61,,22,,8.7,8,9,,,,,,44.798746,20.450184
A5H2PCSZ,2022-11-06T00:00:00.000Z,,18.54,30.56,,29.87,32.32,,92,,35.12,42.65,30,,32.41,32.55,,40.73,42.92,32,,5.2,5,5,,23.74,45.36,,,44.797027,20.528377
AC8QFXSV,2022-11-06T00:00:00.000Z,,0,0.95,,0.77,0.97,,5,,4.88,4.6,1,,1.23,1,,6.74,4.66,1,,14.78,14,15,,5.97,82.22,,,43.27359823,20.00230503
AHVMMMWN,2022-11-06T00:00:00.000Z,,54.65,96.76,,98.04,102.58,,178,,81.54,87,98,,128.26,103.71,,104.51,87.86,128,,8.57,8,9,,10.04,69.56,,,43.0671684,22.4085712
ABZ0QQ65,2022-11-06T00:00:00.000Z,,20.29,36.41,,33.23,38.61,,97,,37.03,48.69,33,,38.83,38.87,,45.17,48.98,39,,13.43,13,13,,20.47,49.67,,,44.664514,20.928384
A9YQLGCC,2022-11-06T00:00:00.000Z,,30.77,44.23,,52.96,47.36,,146,,36.41,35.25,53,,72.01,47.9,,49.16,35.6,72,,11.32,11,11,,12.24,80.75,,,42.5366089,20.2955676
A3QK8XR1,2022-11-06T00:00:00.000Z,,11.13,18.66,,17.83,19.68,,63,,31.24,35.8,18,,23.12,19.84,,41.91,36.09,23,,4.94,5,5,,21.23,47.6,,,44.010408,20.91121
A0VTV4M9,2022-11-06T00:00:00.000Z,,,,,,,,,,54.19,53.02,,,,,,67.44,53.57,,,,,,,,,,,44.010408,20.91121
AQVRLJYL,2022-11-06T00:00:00.000Z,,,,,,,,,,,,,,,,,,,,,8.85,8,9,,10.95,86.17,,,44.664514,20.928384
AY1R2WBZ,2022-11-06T00:00:00.000Z,,46.5,102.75,,78.17,108.43,,162,,60.16,79.96,78,,90.25,109.29,,74.94,80.61,90,,3.56,3,4,,19.09,45.98,,,43.0671684,22.4085712
A2027ZB9,2022-11-06T00:00:00.000Z,,28.58,34.72,,56.24,37.44,,154,,63.39,52.61,56,,75.25,38.06,,82.21,53.3,75,,18.13,17,18,,12,82.98,,,44.797027,20.528377
RQCHFQWB,2022-11-06T00:00:00.000Z,,,,,20.38,,,74,,24.16,,20,,20.77,,,25.02,,21,,8.42,8,8,,,,,,44.798746,20.450184
RV7PD1M1,2022-11-06T00:00:00.000Z,,,,,21.35,,,73,,24.69,,21,,21.8,,,26.74,,22,,,,,,,,,,44.664084,20.926729
RQMLY1RN,2022-11-06T00:00:00.000Z,,,,,,,,,,,,,,,,,,,,,5.77,5,6,,,,,,44.011573,20.925031
RH91V0ZQ,2022-11-06T00:00:00.000Z,,,,,,,,,,,,,,,,,,,,,4.63,4,5,,,,,,44.652336,20.931675
RNVM05M6,2022-11-06T00:00:00.000Z,,,,,,,,,,,,,,,,,,,,,7.34,7,7,9.42,,,,,44.796959,20.475288
RMQF0HMT,2022-11-06T00:00:00.000Z,,,,,21.85,,,79,,27.29,,22,,25.76,,,32.25,,26,,7.32,7,7,4.86,,,,,44.82112,20.459113
A5H2PCSZ,2022-11-05T23:00:00.000Z,,19.18,31.53,,30.09,33.31,,93,,35.8,43.88,30,,32.46,33.52,,41.75,44.15,32,,4.21,4,4,,24.29,44.71,,,44.797027,20.528377
AHVMMMWN,2022-11-05T23:00:00.000Z,,61.27,112.09,,108.29,118.5,,182,,81.52,86.94,108,,136.22,119.79,,104.59,87.8,136,,8.55,8,9,,10.17,68.67,,,43.0671684,22.4085712
AY1R2WBZ,2022-11-05T23:00:00.000Z,,50.46,110.77,,84.5,116.87,,161,,60.48,80.52,84,,97.95,117.88,,75.36,81.18,98,,3.23,3,3,,19.12,45.92,,,43.0671684,22.4085712
A2027ZB9,2022-11-05T23:00:00.000Z,,33.3,43.53,,65.67,47.02,,155,,63.19,52.96,66,,89.5,47.89,,81.85,53.65,90,,19.17,18,19,,12.07,82.99,,,44.797027,20.528377
AC8QFXSV,2022-11-05T23:00:00.000Z,,0.01,1.4,,1.21,1.43,,7,,4.88,4.61,1,,1.56,1.47,,6.73,4.67,2,,15.68,15,16,,5.98,82.64,,,43.27359823,20.00230503
ABZ0QQ65,2022-11-05T23:00:00.000Z,,20.4,36.52,,33.06,38.68,,98,,37.47,49.7,33,,39.09,38.92,,45.85,50,39,,13.06,12,13,,20.56,49.61,,,44.664514,20.928384
AQVRLJYL,2022-11-05T23:00:00.000Z,,,,,,,,,,,,,,,,,,,,,8.67,8,9,,11.05,85.17,,,44.664514,20.928384
A9YQLGCC,2022-11-05T23:00:00.000Z,,30.71,44.95,,52.88,48.04,,148,,35.21,34.12,53,,71.3,48.59,,47.54,34.46,71,,10.41,10,10,,12.87,78.41,,,42.5366089,20.2955676
A0VTV4M9,2022-11-05T23:00:00.000Z,,,,,,,,,,54.19,53.02,,,,,,67.44,53.57,,,,,,,,,,,44.010408,20.91121
A3QK8XR1,2022-11-05T23:00:00.000Z,,11.43,19.28,,18.1,20.31,,63,,31.61,36.18,18,,23.63,20.45,,42.5,36.48,24,,4.43,4,4,,21.41,47.38,,,44.010408,20.91121
RNVM05M6,2022-11-05T23:00:00.000Z,,,,,,,,,,,,,,,,,,,,,7.98,8,8,8.93,,,,,44.796959,20.475288
RMQF0HMT,2022-11-05T23:00:00.000Z,,,,,26.97,,,84,,27.77,,27,,36.53,,,33.02,,37,,7.67,7,8,6.27,,,,,44.82112,20.459113
RQMLY1RN,2022-11-05T23:00:00.000Z,,,,,,,,,,,,,,,,,,,,,5.44,5,5,,,,,,44.011573,20.925031
RH91V0ZQ,2022-11-05T23:00:00.000Z,,,,,,,,,,,,,,,,,,,,,5.65,5,6,,,,,,44.652336,20.931675
RQCHFQWB,2022-11-05T23:00:00.000Z,,,,,24.19,,,79,,24.48,,24,,25.13,,,25.44,,25,,8.63,8,9,,,,,,44.798746,20.450184
RV7PD1M1,2022-11-05T23:00:00.000Z,,,,,25.3,,,76,,24.76,,25,,25.71,,,26.93,,26,,,,,,,,,,44.664084,20.926729
A5H2PCSZ,2022-11-05T22:00:00.000Z,,19.22,32.55,,30.13,34.36,,95,,36.5,45.16,30,,32.78,34.57,,42.83,45.44,33,,2.34,2,2,,24.91,44.02,,,44.797027,20.528377
AY1R2WBZ,2022-11-05T22:00:00.000Z,,44.34,97.89,,73.53,103.01,,155,,61.34,81.87,74,,87.46,103.89,,76.49,82.54,87,,3.53,3,4,,19.16,46,,,43.0671684,22.4085712
A0VTV4M9,2022-11-05T22:00:00.000Z,,16.83,20.88,,34.94,22.26,,,,54.19,53.02,35,,40.36,22.59,,67.44,53.57,40,,16.47,16,16,,11.05,79.19,,,44.010408,20.91121
A3QK8XR1,2022-11-05T22:00:00.000Z,,10,17.04,,15.86,18.03,,62,,32.04,36.62,16,,21.08,18.16,,43.12,36.92,21,,4.2,4,4,,21.64,46.84,,,44.010408,20.91121
AHVMMMWN,2022-11-05T22:00:00.000Z,,75.24,131.64,,133.59,139.29,,187,,79.88,84.88,134,,173.07,140.8,,102.7,85.72,173,,8.59,8,9,,10.17,68.2,,,43.0671684,22.4085712
A2027ZB9,2022-11-05T22:00:00.000Z,,34.15,45.03,,67.03,48.64,,155,,62.62,52.99,67,,91.81,49.55,,80.9,53.66,92,,19.87,19,20,,12.02,82.83,,,44.797027,20.528377
A9YQLGCC,2022-11-05T22:00:00.000Z,,34.62,53.56,,57.89,57.2,,152,,34.21,33.13,58,,78.3,57.79,,46.24,33.47,78,,11.18,11,11,,12.83,78.71,,,42.5366089,20.2955676
AC8QFXSV,2022-11-05T22:00:00.000Z,,0,0.98,,1.04,1.01,,10,,4.9,4.63,1,,1.33,1.04,,6.79,4.7,1,,16.92,16,17,,6.39,82.13,,,43.27359823,20.00230503
AQVRLJYL,2022-11-05T22:00:00.000Z,,,,,,,,,,,,,,,,,,,,,8.22,8,8,,11.03,84.8,,,44.664514,20.928384
ABZ0QQ65,2022-11-05T22:00:00.000Z,,20.35,36.74,,32.88,38.88,,98,,37.9,50.74,33,,38.82,39.12,,46.5,51.04,39,,13.63,13,14,,20.65,49.53,,,44.664514,20.928384
RH91V0ZQ,2022-11-05T22:00:00.000Z,,,,,,,,,,,,,,,,,,,,,5.74,5,6,,,,,,44.652336,20.931675
RMQF0HMT,2022-11-05T22:00:00.000Z,,,,,30.28,,,85,,27.73,,30,,37.14,,,33.06,,37,,7.31,7,7,7.82,,,,,44.82112,20.459113
RQMLY1RN,2022-11-05T22:00:00.000Z,,,,,,,,,,,,,,,,,,,,,8.17,8,8,,,,,,44.011573,20.925031
RNVM05M6,2022-11-05T22:00:00.000Z,,,,,,,,,,,,,,,,,,,,,11.52,11,12,5.2,,,,,44.796959,20.475288
RV7PD1M1,2022-11-05T22:00:00.000Z,,,,,23.53,,,73,,24.63,,24,,23.63,,,26.93,,24,,,,,,,,,,44.664084,20.926729
RQCHFQWB,2022-11-05T22:00:00.000Z,,,,,27.1,,,81,,24.31,,27,,28.74,,,25.52,,29,,10.65,10,11,,,,,,44.798746,20.450184
A5H2PCSZ,2022-11-05T21:00:00.000Z,,20.32,34.81,,31.19,36.76,,96,,37.22,46.52,31,,34.6,36.98,,43.93,46.82,35,,1.26,1,1,,25.47,43.57,,,44.797027,20.528377
A0VTV4M9,2022-11-05T21:00:00.000Z,,,,,,,,,,54.3,54.18,,,,,,67.41,54.72,,,,,,,,,,,44.010408,20.91121
AQVRLJYL,2022-11-05T21:00:00.000Z,,,,,,,,,,,,,,,,,,,,,9,8,9,,10.91,85.4,,,44.664514,20.928384
ABZ0QQ65,2022-11-05T21:00:00.000Z,,20.67,37.64,,32.86,39.81,,99,,38.39,51.87,33,,38.94,40.04,,47.24,52.18,39,,14.06,13,14,,20.77,49.41,,,44.664514,20.928384
AY1R2WBZ,2022-11-05T21:00:00.000Z,,43.58,96.45,,72.17,101.52,,152,,63.25,84.63,72,,86.8,102.37,,78.71,85.32,87,,3.37,3,3,,19.2,46.03,,,43.0671684,22.4085712
A3QK8XR1,2022-11-05T21:00:00.000Z,,11.52,19.22,,17.31,20.22,,66,,32.71,37.27,17,,22.89,20.36,,44.03,37.58,23,,3.27,3,3,,21.85,46.73,,,44.010408,20.91121
AC8QFXSV,2022-11-05T21:00:00.000Z,,0.15,1.87,,1.48,1.93,,15,,5.12,4.83,1,,2.19,1.96,,7.12,4.9,2,,18.32,17,18,,6.89,81.22,,,43.27359823,20.00230503
AHVMMMWN,2022-11-05T21:00:00.000Z,,72.35,125.39,,123.52,132.34,,182,,81.35,86.74,124,,154.7,133.68,,104.62,87.61,155,,10.06,9,10,,9.87,68.94,,,43.0671684,22.4085712
A9YQLGCC,2022-11-05T21:00:00.000Z,,33.25,49.81,,56.91,53.27,,149,,33.11,31.9,57,,75.8,53.84,,44.72,32.22,76,,11.61,11,12,,12.54,79.37,,,42.5366089,20.2955676
A2027ZB9,2022-11-05T21:00:00.000Z,,33.32,43.2,,63.4,46.5,,154,,62.29,53.38,63,,86.89,47.29,,80.28,54.04,87,,18.97,18,19,,12.02,82.4,,,44.797027,20.528377
RNVM05M6,2022-11-05T21:00:00.000Z,,,,,,,,,,,,,,,,,,,,,10.61,10,11,9.31,,,,,44.796959,20.475288
RQMLY1RN,2022-11-05T21:00:00.000Z,,,,,,,,,,,,,,,,,,,,,8.21,8,8,,,,,,44.011573,20.925031
RMQF0HMT,2022-11-05T21:00:00.000Z,,,,,29.98,,,82,,27.64,,30,,36.54,,,33.06,,37,,7.23,7,7,8.76,,,,,44.82112,20.459113
RH91V0ZQ,2022-11-05T21:00:00.000Z,,,,,,,,,,,,,,,,,,,,,6.4,6,6,,,,,,44.652336,20.931675
RQCHFQWB,2022-11-05T21:00:00.000Z,,,,,26.47,,,79,,24.08,,26,,27.62,,,25.32,,28,,11.22,11,11,,,,,,44.798746,20.450184
RV7PD1M1,2022-11-05T21:00:00.000Z,,,,,21.63,,,70,,24.71,,22,,22.16,,,27.13,,22,,,,,,,,,,44.664084,20.926729
A5H2PCSZ,2022-11-05T20:00:00.000Z,,21.25,37.58,,33.04,39.8,,97,,37.95,47.91,33,,37.07,40,,45.07,48.22,37,,0.24,0,0,,25.69,43.55,,,44.797027,20.528377
AQVRLJYL,2022-11-05T20:00:00.000Z,,,,,,,,,,79.76,35.92,,,,,,128.71,36.55,,,9.28,9,9,,10.84,85.83,,,44.664514,20.928384
A9YQLGCC,2022-11-05T20:00:00.000Z,,32.49,48.36,,54.45,51.68,,144,,32.26,31.02,54,,74.08,52.24,,43.52,31.32,74,,12.87,12,13,,12.59,79.63,,,42.5366089,20.2955676
A2027ZB9,2022-11-05T20:00:00.000Z,,31.19,39.74,,58.82,42.56,,153,,62.08,53.84,59,,75.88,43.14,,79.82,54.48,76,,18.32,17,18,,12.01,81.5,,,44.797027,20.528377
A0VTV4M9,2022-11-05T20:00:00.000Z,,,,,,,,,,54.3,54.18,,,,,,67.41,54.72,,,,,,,,,,,44.010408,20.91121
ABZ0QQ65,2022-11-05T20:00:00.000Z,,20.67,38.34,,32.92,40.51,,101,,38.88,53,33,,38.78,40.72,,47.97,53.32,39,,14.23,13,14,,20.9,49.31,,,44.664514,20.928384
AHVMMMWN,2022-11-05T20:00:00.000Z,,87.26,153.79,,149.16,162.57,,177,,85.75,91.92,149,,189.09,164.14,,110.47,92.84,189,,11.23,11,11,,10.1,67.78,,,43.0671684,22.4085712
AY1R2WBZ,2022-11-05T20:00:00.000Z,,32.33,61.73,,51.54,64.99,,136,,64.81,86.91,52,,65.56,65.48,,80.4,87.63,66,,2.99,3,3,,19.25,46.13,,,43.0671684,22.4085712
AC8QFXSV,2022-11-05T20:00:00.000Z,,1.14,3.34,,3.51,3.46,,23,,5.42,5.06,4,,4.79,3.51,,7.5,5.14,5,,18.63,18,19,,7.6,79.79,,,43.27359823,20.00230503
A3QK8XR1,2022-11-05T20:00:00.000Z,,13.99,22.47,,20.58,23.65,,70,,33.49,38.12,21,,25.63,23.78,,45.18,38.44,26,,3.89,4,4,,21.91,47.19,,,44.010408,20.91121
RH91V0ZQ,2022-11-05T20:00:00.000Z,,,,,,,,,,,,,,,,,,,,,6.73,6,7,,,,,,44.652336,20.931675
RQCHFQWB,2022-11-05T20:00:00.000Z,,,,,24.56,,,78,,24.17,,25,,25.19,,,25.47,,25,,13.51,13,14,,,,,,44.798746,20.450184
RMQF0HMT,2022-11-05T20:00:00.000Z,,,,,26.49,,,77,,27.71,,26,,30.55,,,33.26,,31,,8.75,8,9,7.72,,,,,44.82112,20.459113
RV7PD1M1,2022-11-05T20:00:00.000Z,,,,,21.85,,,70,,25,,22,,22.27,,,27.54,,22,,,,,,,,,,44.664084,20.926729
RNVM05M6,2022-11-05T20:00:00.000Z,,,,,,,,,,,,,,,,,,,,,12.36,12,12,7.65,,,,,44.796959,20.475288
RQMLY1RN,2022-11-05T20:00:00.000Z,,,,,,,,,,,,,,,,,,,,,8.63,8,9,,,,,,44.011573,20.925031
A5H2PCSZ,2022-11-05T19:00:00.000Z,,21.4,38.07,,33.67,40.35,,98,,38.6,49.23,34,,38.71,40.58,,46.09,49.55,39,,0.42,0,0,,25.63,43.73,,,44.797027,20.528377
A9YQLGCC,2022-11-05T19:00:00.000Z,,31.84,47.64,,53.91,50.84,,141,,31.85,30.6,54,,72.97,51.41,,43.06,30.9,73,,12.9,12,13,,12.93,77.74,,,42.5366089,20.2955676
AC8QFXSV,2022-11-05T19:00:00.000Z,,1.81,4.28,,4.64,4.48,,32,,5.63,5.23,5,,6.66,4.55,,7.75,5.31,7,,20.28,19,20,,8.73,78.49,,,43.27359823,20.00230503
A3QK8XR1,2022-11-05T19:00:00.000Z,,14.01,22.73,,21.03,23.94,,71,,34.38,39.24,21,,27.1,24.11,,46.58,39.57,27,,3.13,3,3,,21.79,47.34,,,44.010408,20.91121
AQVRLJYL,2022-11-05T19:00:00.000Z,,,,,,,,,,79.76,35.92,,,,,,128.71,36.55,,,9.18,9,9,,10.86,85.05,,,44.664514,20.928384
A2027ZB9,2022-11-05T19:00:00.000Z,,31.33,39.13,,59.3,41.97,,154,,62.35,55.07,59,,78.9,42.62,,80.2,55.72,79,,19.01,18,19,,11.95,81.61,,,44.797027,20.528377
AY1R2WBZ,2022-11-05T19:00:00.000Z,,31.22,57.05,,49.61,59.99,,135,,66.23,89.33,50,,63.24,60.42,,81.82,90.06,63,,3.37,3,3,,19.28,46.42,,,43.0671684,22.4085712
A0VTV4M9,2022-11-05T19:00:00.000Z,,,,,,,,,,54.3,54.18,,,,,,67.41,54.72,,,,,,,,,,,44.010408,20.91121
AHVMMMWN,2022-11-05T19:00:00.000Z,,31.49,44.88,,52.48,47.19,,155,,88.37,95.27,52,,66.22,47.65,,113.58,96.22,66,,9.83,9,10,,10.31,66.33,,,43.0671684,22.4085712
ABZ0QQ65,2022-11-05T19:00:00.000Z,,21.2,39.67,,34.35,41.95,,104,,39.35,54.07,34,,41.42,42.23,,48.67,54.39,41,,14.84,14,15,,21.01,49.2,,,44.664514,20.928384
RH91V0ZQ,2022-11-05T19:00:00.000Z,,,,,,,,,,,,,,,,,,,,,7.5,7,8,,,,,,44.652336,20.931675
RMQF0HMT,2022-11-05T19:00:00.000Z,,,,,22.58,,,74,,28.04,,23,,25.77,,,33.85,,26,,8.97,8,9,8.5,,,,,44.82112,20.459113
RQMLY1RN,2022-11-05T19:00:00.000Z,,,,,,,,,,,,,,,,,,,,,9.48,9,9,,,,,,44.011573,20.925031
RV7PD1M1,2022-11-05T19:00:00.000Z,,,,,22.41,,,68,,25.37,,22,,23.09,,,28.03,,23,,,,,,,,,,44.664084,20.926729
RQCHFQWB,2022-11-05T19:00:00.000Z,,,,,26.97,,,78,,24.45,,27,,27.39,,,25.84,,27,,14.07,13,14,,,,,,44.798746,20.450184
RNVM05M6,2022-11-05T19:00:00.000Z,,,,,,,,,,,,,,,,,,,,,13.8,13,14,6.14,,,,,44.796959,20.475288
A5H2PCSZ,2022-11-05T18:00:00.000Z,,21.51,37.82,,33.44,39.93,,98,,39.22,50.54,33,,37.66,40.19,,47.1,50.87,38,,0.6,1,1,,25.55,44,,,44.797027,20.528377
AC8QFXSV,2022-11-05T18:00:00.000Z,,1.86,4.18,,5.93,4.41,,45,,5.62,5.24,6,,9.15,4.5,,7.73,5.32,9,,23.32,22,23,,10.33,76.78,,,43.27359823,20.00230503
AHVMMMWN,2022-11-05T18:00:00.000Z,,55.2,102.03,,95.86,107.67,,161,,93.84,102.14,96,,120.2,108.71,,120.41,103.16,120,,11.75,11,12,,11.21,65,,,43.0671684,22.4085712
ABZ0QQ65,2022-11-05T18:00:00.000Z,,21.82,41.28,,34.42,43.64,,104,,39.74,54.99,34,,41.84,43.88,,49.22,55.32,42,,15.04,14,15,,21.2,48.93,,,44.664514,20.928384
A9YQLGCC,2022-11-05T18:00:00.000Z,,31.49,47.69,,52.55,50.91,,136,,31.69,30.55,53,,70.99,51.44,,42.91,30.85,71,,13.41,13,13,,13.61,75.93,,,42.5366089,20.2955676
A3QK8XR1,2022-11-05T18:00:00.000Z,,12.94,21.25,,19.89,22.34,,73,,35.35,40.51,20,,25.44,22.5,,48.13,40.86,25,,3.43,3,3,,21.57,48.28,,,44.010408,20.91121
A0VTV4M9,2022-11-05T18:00:00.000Z,,21.03,24.68,,38.67,26.38,,,,54.3,54.18,39,,45.53,26.61,,67.41,54.72,46,,12.44,12,12,,10.99,76.96,,,44.010408,20.91121
AQVRLJYL,2022-11-05T18:00:00.000Z,,,,,,,,,,89.57,44.17,,,,,,145.63,44.96,,,9.89,9,10,,10.9,84.54,,,44.664514,20.928384
AY1R2WBZ,2022-11-05T18:00:00.000Z,,30.82,55.8,,49.61,58.81,,134,,66.78,90.6,50,,63.18,59.28,,82.5,91.35,63,,3.9,4,4,,19.34,46.79,,,43.0671684,22.4085712
A2027ZB9,2022-11-05T18:00:00.000Z,,31.24,39.51,,61.71,42.62,,154,,62.96,56.97,62,,81.86,43.34,,80.91,57.63,82,,21.17,20,21,,11.99,82.01,,,44.797027,20.528377
RV7PD1M1,2022-11-05T18:00:00.000Z,,,,,21.26,,,64,,25.96,,21,,21.94,,,28.74,,22,,,,,,,,,,44.664084,20.926729
RMQF0HMT,2022-11-05T18:00:00.000Z,,,,,23.32,,,75,,28.67,,23,,25.58,,,34.84,,26,,7.72,7,8,9.72,,,,,44.82112,20.459113
RQMLY1RN,2022-11-05T18:00:00.000Z,,,,,,,,,,,,,,,,,,,,,7.85,7,8,,,,,,44.011573,20.925031
RH91V0ZQ,2022-11-05T18:00:00.000Z,,,,,,,,,,,,,,,,,,,,,7.09,7,7,,,,,,44.652336,20.931675
RQCHFQWB,2022-11-05T18:00:00.000Z,,,,,24.16,,,74,,24.53,,24,,24.52,,,26.02,,25,,14.09,13,14,,,,,,44.798746,20.450184
RNVM05M6,2022-11-05T18:00:00.000Z,,,,,,,,,,,,,,,,,,,,,13.94,13,14,4.42,,,,,44.796959,20.475288
A5H2PCSZ,2022-11-05T17:00:00.000Z,,21.76,38.32,,33.8,40.57,,98,,39.9,51.92,34,,39.09,40.82,,48.22,52.27,39,,1.31,1,1,,25.44,44.25,,,44.797027,20.528377
AHVMMMWN,2022-11-05T17:00:00.000Z,,37.04,62.75,,62.06,66.35,,150,,95.11,103.64,62,,81.64,66.99,,122.06,104.67,82,,10.86,10,11,,12.22,62.25,,,43.0671684,22.4085712
AY1R2WBZ,2022-11-05T17:00:00.000Z,,28.76,49.54,,45.48,52.11,,133,,66.74,90.7,45,,57.14,52.5,,82.49,91.45,57,,4.23,4,4,,19.39,47.13,,,43.0671684,22.4085712
A2027ZB9,2022-11-05T17:00:00.000Z,,34.38,46.19,,66.2,49.81,,155,,63.08,58.18,66,,88.02,50.61,,81.03,58.84,88,,22.53,21,23,,12.07,81.76,,,44.797027,20.528377
AC8QFXSV,2022-11-05T17:00:00.000Z,,9.03,14.21,,16.33,14.78,,58,,5.54,5.26,16,,21.34,14.93,,7.58,5.33,21,,23.67,22,24,,11.06,72.95,,,43.27359823,20.00230503
ABZ0QQ65,2022-11-05T17:00:00.000Z,,22.08,41.98,,35.45,44.28,,106,,40.1,55.74,35,,43.61,44.58,,49.74,56.08,44,,15.61,15,16,,21.43,48.62,,,44.664514,20.928384
AQVRLJYL,2022-11-05T17:00:00.000Z,,,,,,,,,,90.61,45.69,,,,,,147.31,46.47,,,9.8,9,10,,11.03,83.35,,,44.664514,20.928384
A9YQLGCC,2022-11-05T17:00:00.000Z,,31.53,50.19,,52.41,53.42,,129,,31.57,30.66,52,,69.79,53.95,,42.87,30.96,70,,10.66,10,11,,14.59,69.73,,,42.5366089,20.2955676
A0VTV4M9,2022-11-05T17:00:00.000Z,,,,,,,,,,56.64,58.84,,,,,,71.37,59.44,,,,,,,,,,,44.010408,20.91121
A3QK8XR1,2022-11-05T17:00:00.000Z,,13.44,21.91,,20.27,23,,78,,36.52,42.1,20,,25.68,23.13,,49.95,42.47,26,,4.44,4,4,,21.34,49.52,,,44.010408,20.91121
RMQF0HMT,2022-11-05T17:00:00.000Z,,,,,25.05,,,76,,29.43,,25,,28.44,,,36.11,,28,,9.83,9,10,6.68,,,,,44.82112,20.459113
RV7PD1M1,2022-11-05T17:00:00.000Z,,,,,16.64,,,59,,26.9,,17,,17.85,,,29.8,,18,,,,,,,,,,44.664084,20.926729
RH91V0ZQ,2022-11-05T17:00:00.000Z,,,,,,,,,,,,,,,,,,,,,5.79,5,6,,,,,,44.652336,20.931675
RNVM05M6,2022-11-05T17:00:00.000Z,,,,,,,,,,,,,,,,,,,,,12.91,12,13,5.88,,,,,44.796959,20.475288
RQMLY1RN,2022-11-05T17:00:00.000Z,,,,,,,,,,,,,,,,,,,,,9.24,9,9,,,,,,44.011573,20.925031
RQCHFQWB,2022-11-05T17:00:00.000Z,,,,,24.39,,,73,,25.11,,24,,24.75,,,26.74,,25,,15.04,14,15,,,,,,44.798746,20.450184
A5H2PCSZ,2022-11-05T16:00:00.000Z,,21.74,38.61,,34.21,40.99,,99,,40.59,53.42,34,,39.03,41.19,,49.29,53.78,39,,2.24,2,2,,25.37,44.53,,,44.797027,20.528377
AY1R2WBZ,2022-11-05T16:00:00.000Z,,29.57,52.14,,46.67,54.82,,137,,66.87,91,47,,58.57,55.23,,82.76,91.76,59,,5.07,5,5,,19.43,47.47,,,43.0671684,22.4085712
A0VTV4M9,2022-11-05T16:00:00.000Z,,,,,,,,,,56.64,58.84,,,,,,71.37,59.44,,,,,,,,,,,44.010408,20.91121
A3QK8XR1,2022-11-05T16:00:00.000Z,,15.12,24,,23.83,25.31,,89,,37.81,43.94,24,,28.81,25.48,,51.88,44.33,29,,5.44,5,5,,21.13,50.88,,,44.010408,20.91121
AHVMMMWN,2022-11-05T16:00:00.000Z,,31.73,53.16,,52.75,55.94,,134,,95.15,104.01,53,,68.61,56.44,,122.1,105.04,69,,9.4,9,9,,13.79,58.46,,,43.0671684,22.4085712
A2027ZB9,2022-11-05T16:00:00.000Z,,35.67,47.85,,66.73,51.43,,153,,63,59.31,67,,89.16,52.22,,80.89,59.96,89,,22.2,21,22,,12.15,81.13,,,44.797027,20.528377
A9YQLGCC,2022-11-05T16:00:00.000Z,,29.51,46.22,,48.08,49.02,,116,,30.33,29.43,48,,64.56,49.5,,41.15,29.72,65,,7.55,7,8,,14.96,65.65,,,42.5366089,20.2955676
AC8QFXSV,2022-11-05T16:00:00.000Z,,10,15.02,,18.99,15.72,,57,,5.32,5.07,19,,24.74,15.88,,7.31,5.14,25,,22.23,21,22,,11.31,71.25,,,43.27359823,20.00230503
AQVRLJYL,2022-11-05T16:00:00.000Z,,,,,,,,,,90.61,45.69,,,,,,147.31,46.47,,,9.99,9,10,,11.22,82.96,,,44.664514,20.928384
ABZ0QQ65,2022-11-05T16:00:00.000Z,,22.5,43.73,,36.49,46.05,,107,,40.41,56.4,36,,45.06,46.39,,50.18,56.75,45,,15.92,15,16,,21.75,48.18,,,44.664514,20.928384
RNVM05M6,2022-11-05T16:00:00.000Z,,,,,,,,,,,,,,,,,,,,,12.95,12,13,7.72,,,,,44.796959,20.475288
RH91V0ZQ,2022-11-05T16:00:00.000Z,,,,,,,,,,,,,,,,,,,,,5.95,6,6,,,,,,44.652336,20.931675
RQMLY1RN,2022-11-05T16:00:00.000Z,,,,,,,,,,,,,,,,,,,,,8.67,8,9,,,,,,44.011573,20.925031
RMQF0HMT,2022-11-05T16:00:00.000Z,,,,,24.71,,,73,,30.35,,25,,28.78,,,37.66,,29,,12.41,12,12,3.83,,,,,44.82112,20.459113
RV7PD1M1,2022-11-05T16:00:00.000Z,,,,,12.93,,,57,,27.54,,13,,13.84,,,30.73,,14,,,,,,,,,,44.664084,20.926729
RQCHFQWB,2022-11-05T16:00:00.000Z,,,,,23.96,,,68,,25.88,,24,,24.2,,,27.68,,24,,15.72,15,16,,,,,,44.798746,20.450184
A5H2PCSZ,2022-11-05T15:00:00.000Z,,21.98,39.72,,34.46,42.01,,100,,41.24,54.85,34,,39.68,42.25,,50.32,55.23,40,,1.88,2,2,,25.37,44.69,,,44.797027,20.528377
A0VTV4M9,2022-11-05T15:00:00.000Z,,,,,,,,,,56.64,58.84,,,,,,71.37,59.44,,,,,,,,,,,44.010408,20.91121
AQVRLJYL,2022-11-05T15:00:00.000Z,,,,,,,,,,87.92,43.7,,,,,,143.58,44.43,,,10.13,10,10,,11.74,81.83,,,44.664514,20.928384
ABZ0QQ65,2022-11-05T15:00:00.000Z,,24.13,47.56,,37.32,50.05,,107,,40.69,57.04,37,,46.27,50.33,,50.56,57.39,46,,16.52,16,17,,22.23,47.36,,,44.664514,20.928384
AY1R2WBZ,2022-11-05T15:00:00.000Z,,29.84,53.47,,48.23,56.28,,142,,66.94,91.11,48,,60.66,56.76,,83.01,91.87,61,,5.96,6,6,,19.49,47.73,,,43.0671684,22.4085712
A3QK8XR1,2022-11-05T15:00:00.000Z,,19.41,31.14,,30.94,32.85,,107,,38.92,45.65,31,,40.39,33.12,,53.69,46.06,40,,6.82,6,7,,21.09,52,,,44.010408,20.91121
AC8QFXSV,2022-11-05T15:00:00.000Z,,8.1,12.55,,15.87,13.08,,45,,4.95,4.83,16,,22.55,13.26,,6.88,4.9,23,,22.37,21,22,,11.93,69.96,,,43.27359823,20.00230503
AHVMMMWN,2022-11-05T15:00:00.000Z,,28.22,48.23,,45.18,50.83,,124,,95.79,105.51,45,,57.25,51.21,,122.87,106.55,57,,6.37,6,6,,16.45,53.07,,,43.0671684,22.4085712
A9YQLGCC,2022-11-05T15:00:00.000Z,,28.56,45.48,,45.99,48.18,,99,,29.42,28.47,46,,60.81,48.6,,39.99,28.75,61,,6.05,6,6,,15.72,63.31,,,42.5366089,20.2955676
A2027ZB9,2022-11-05T15:00:00.000Z,,29.2,36.55,,54.2,39.2,,142,,62.63,59.97,54,,68.38,39.69,,80.32,60.61,68,,20.47,19,20,,12.23,80.11,,,44.797027,20.528377
RNVM05M6,2022-11-05T15:00:00.000Z,,,,,,,,,,,,,,,,,,,,,12.41,12,12,10.28,,,,,44.796959,20.475288
RV7PD1M1,2022-11-05T15:00:00.000Z,,,,,12.55,,,61,,28.29,,13,,13.3,,,31.91,,13,,,,,,,,,,44.664084,20.926729
RMQF0HMT,2022-11-05T15:00:00.000Z,,,,,21.68,,,69,,31,,22,,23.12,,,39.07,,23,,11.01,10,11,7.45,,,,,44.82112,20.459113
RQCHFQWB,2022-11-05T15:00:00.000Z,,,,,19.38,,,61,,26.4,,19,,19.62,,,28.52,,20,,16.45,16,16,,,,,,44.798746,20.450184
RQMLY1RN,2022-11-05T15:00:00.000Z,,,,,,,,,,,,,,,,,,,,,8.06,8,8,,,,,,44.011573,20.925031
RH91V0ZQ,2022-11-05T15:00:00.000Z,,,,,,,,,,,,,,,,,,,,,5.39,5,5,,,,,,44.652336,20.931675
A5H2PCSZ,2022-11-05T14:00:00.000Z,,22.5,41.38,,35.86,43.83,,101,,41.82,56.04,36,,41.98,44.08,,51.25,56.43,42,,1.61,2,2,,25.4,44.8,,,44.797027,20.528377
AQVRLJYL,2022-11-05T14:00:00.000Z,,,,,,,,,,87.92,43.7,,,,,,143.58,44.43,,,10.59,10,11,,12.6,80.29,,,44.664514,20.928384
A9YQLGCC,2022-11-05T14:00:00.000Z,,17.28,28.05,,26.21,29.46,,76,,29.77,29.23,26,,33.81,29.65,,40.58,29.52,34,,8.72,8,9,,16.96,65.4,,,42.5366089,20.2955676
A2027ZB9,2022-11-05T14:00:00.000Z,,23.78,29.18,,44.4,31.03,,136,,64.3,62.66,44,,53.2,31.37,,82.5,63.33,53,,18.45,17,18,,12.55,79.03,,,44.797027,20.528377
A0VTV4M9,2022-11-05T14:00:00.000Z,,23.58,30.38,,39.03,32.04,,,,56.64,58.84,39,,46.89,32.35,,71.37,59.44,47,,8.02,8,8,,14.59,72.17,,,44.010408,20.91121
ABZ0QQ65,2022-11-05T14:00:00.000Z,,24.52,48.04,,37.92,50.52,,108,,40.95,57.54,38,,46.7,50.78,,50.9,57.89,47,,16.16,15,16,,23.09,45.76,,,44.664514,20.928384
AHVMMMWN,2022-11-05T14:00:00.000Z,,28.04,52.31,,44.19,54.9,,123,,97.15,107.65,44,,54.44,55.26,,124.52,108.71,54,,-0.69,,,,19.1,46.21,,,43.0671684,22.4085712
AY1R2WBZ,2022-11-05T14:00:00.000Z,,31.71,58.33,,50.61,61.36,,148,,66.88,90.88,51,,64.39,61.9,,83.1,91.64,64,,5.57,5,6,,19.51,47.68,,,43.0671684,22.4085712
AC8QFXSV,2022-11-05T14:00:00.000Z,,2.98,6.61,,7.38,6.91,,24,,4.72,4.7,7,,9.77,7,,6.51,4.77,10,,17.07,16,17,,12.89,66.61,,,43.27359823,20.00230503
A3QK8XR1,2022-11-05T14:00:00.000Z,,23.76,39.55,,37.98,41.89,,116,,39.52,46.6,38,,51.06,42.22,,54.72,47.03,51,,7.7,7,8,,21.24,53.13,,,44.010408,20.91121
RNVM05M6,2022-11-05T14:00:00.000Z,,,,,,,,,,,,,,,,,,,,,11.46,11,11,11.34,,,,,44.796959,20.475288
RH91V0ZQ,2022-11-05T14:00:00.000Z,,,,,,,,,,,,,,,,,,,,,6.19,6,6,,,,,,44.652336,20.931675
RQCHFQWB,2022-11-05T14:00:00.000Z,,,,,12.93,,,56,,26.73,,13,,13.06,,,29.16,,13,,17.01,16,17,,,,,,44.798746,20.450184
RV7PD1M1,2022-11-05T14:00:00.000Z,,,,,16.1,,,70,,29.5,,16,,17.24,,,33.54,,17,,,,,,,,,,44.664084,20.926729
RMQF0HMT,2022-11-05T14:00:00.000Z,,,,,18.71,,,68,,31.55,,19,,20.63,,,40.38,,21,,11.87,11,12,6.21,,,,,44.82112,20.459113
RQMLY1RN,2022-11-05T14:00:00.000Z,,,,,,,,,,,,,,,,,,,,,9.41,9,9,,,,,,44.011573,20.925031
A5H2PCSZ,2022-11-05T13:00:00.000Z,,23.06,42.58,,36.97,45.12,,101,,42.17,56.74,37,,44.18,45.44,,51.83,57.14,44,,1.37,1,1,,25.43,44.82,,,44.797027,20.528377
A9YQLGCC,2022-11-05T13:00:00.000Z,,16.7,26.75,,26.97,28.24,,72,,30.63,30.36,27,,35.44,28.56,,41.82,30.66,35,,5.06,5,5,,18.47,60.73,,,42.5366089,20.2955676
AC8QFXSV,2022-11-05T13:00:00.000Z,,1.43,4.24,,4.17,4.42,,17,,4.58,4.63,4,,5.94,4.51,,6.34,4.7,6,,15.32,14,15,,13.69,64.18,,,43.27359823,20.00230503
A3QK8XR1,2022-11-05T13:00:00.000Z,,26.64,47.98,,43.16,50.92,,120,,39.62,46.76,43,,59.15,51.34,,55.06,47.2,59,,9.29,9,9,,21.47,54.19,,,44.010408,20.91121
AQVRLJYL,2022-11-05T13:00:00.000Z,,,,,,,,,,90.86,45.84,,,,,,148.29,46.61,,,12.35,12,12,,13.83,79.01,,,44.664514,20.928384
A2027ZB9,2022-11-05T13:00:00.000Z,,27.91,34.35,,52.34,36.84,,150,,64.63,63.8,52,,68.02,37.4,,83.14,64.48,68,,18.08,17,18,,13.03,78.3,,,44.797027,20.528377
AY1R2WBZ,2022-11-05T13:00:00.000Z,,32.83,63.4,,52.64,66.7,,152,,66.82,90.61,53,,68.14,67.25,,83.24,91.39,68,,6.2,6,6,,19.52,47.84,,,43.0671684,22.4085712
A0VTV4M9,2022-11-05T13:00:00.000Z,,,,,,,,,,58.6,62.77,,,,,,74.29,63.4,,,,,,,,,,,44.010408,20.91121
AHVMMMWN,2022-11-05T13:00:00.000Z,,22.47,37.79,,37.89,39.83,,123,,96.74,107.03,38,,46.17,40.19,,123.98,108.09,46,,-6.55,,,,19.81,43.11,,,43.0671684,22.4085712
ABZ0QQ65,2022-11-05T13:00:00.000Z,,24.87,49.75,,39.18,52.3,,108,,41.15,57.95,39,,48.31,52.63,,51.21,58.31,48,,14.26,13,14,,24.21,43.65,,,44.664514,20.928384
RH91V0ZQ,2022-11-05T13:00:00.000Z,,,,,,,,,,,,,,,,,,,,,6.52,6,7,,,,,,44.652336,20.931675
RMQF0HMT,2022-11-05T13:00:00.000Z,,,,,17.87,,,70,,32.29,,18,,20.22,,,41.95,,20,,11.9,11,12,6.37,,,,,44.82112,20.459113
RQMLY1RN,2022-11-05T13:00:00.000Z,,,,,,,,,,,,,,,,,,,,,10.28,10,10,,,,,,44.011573,20.925031
RV7PD1M1,2022-11-05T13:00:00.000Z,,,,,20.1,,,81,,30.37,,20,,22.41,,,35.07,,22,,,,,,,,,,44.664084,20.926729
RQCHFQWB,2022-11-05T13:00:00.000Z,,,,,12.8,,,59,,27.37,,13,,13,,,30.17,,13,,14.91,14,15,,,,,,44.798746,20.450184
RNVM05M6,2022-11-05T13:00:00.000Z,,,,,,,,,,,,,,,,,,,,,11.76,11,12,10.36,,,,,44.796959,20.475288
A5H2PCSZ,2022-11-05T12:00:00.000Z,,22.99,42.77,,36.57,45.24,,99,,42.39,57.25,37,,42.67,45.5,,52.17,57.66,43,,1.23,1,1,,25.43,44.79,,,44.797027,20.528377
AC8QFXSV,2022-11-05T12:00:00.000Z,,1.74,4.55,,4.32,4.75,,16,,4.53,4.6,4,,6.25,4.81,,6.28,4.66,6,,8.53,8,9,,14.46,61.45,,,43.27359823,20.00230503
AHVMMMWN,2022-11-05T12:00:00.000Z,,31.69,63.37,,52.94,66.91,,139,,96.16,106.51,53,,65.58,67.44,,123.19,107.55,66,,-6.06,,,,18.87,46.48,,,43.0671684,22.4085712
ABZ0QQ65,2022-11-05T12:00:00.000Z,,25.26,49.93,,38.59,52.3,,108,,41.31,58.33,39,,47.44,52.62,,51.44,58.69,47,,11.29,11,11,,25.31,41.5,,,44.664514,20.928384
AY1R2WBZ,2022-11-05T12:00:00.000Z,,33.49,65.24,,53.68,68.73,,152,,67.06,90.69,54,,68.64,69.24,,83.84,91.5,69,,5.98,6,6,,19.52,47.66,,,43.0671684,22.4085712
A9YQLGCC,2022-11-05T12:00:00.000Z,,14.69,23.7,,23.13,25.03,,62,,30.81,30.6,23,,29.8,25.23,,42.02,30.9,30,,-2.7,,,,20.13,58.09,,,42.5366089,20.2955676
A2027ZB9,2022-11-05T12:00:00.000Z,,26.83,33.7,,47.46,35.98,,152,,64.41,64.39,47,,59.95,36.35,,82.84,65.07,60,,15,14,15,,13.8,77.33,,,44.797027,20.528377
A0VTV4M9,2022-11-05T12:00:00.000Z,,,,,,,,,,58.6,62.77,,,,,,74.29,63.4,,,,,,,,,,,44.010408,20.91121
A3QK8XR1,2022-11-05T12:00:00.000Z,,29.33,55.83,,47.4,59.15,,123,,39.66,46.78,47,,64.68,59.69,,55.2,47.22,65,,13.4,13,13,,21.66,55.9,,,44.010408,20.91121
AQVRLJYL,2022-11-05T12:00:00.000Z,,,,,,,,,,90.86,45.84,,,,,,148.29,46.61,,,9.84,9,10,,16.65,73.45,,,44.664514,20.928384
RNVM05M6,2022-11-05T12:00:00.000Z,,,,,,,,,,,,,,,,,,,,,9.64,9,10,11.39,,,,,44.796959,20.475288
RV7PD1M1,2022-11-05T12:00:00.000Z,,,,,30.66,,,93,,30.78,,31,,37.59,,,36.08,,38,,,,,,,,,,44.664084,20.926729
RMQF0HMT,2022-11-05T12:00:00.000Z,,,,,20.55,,,78,,32.9,,21,,24.57,,,43.27,,25,,10.44,10,10,6.14,,,,,44.82112,20.459113
RH91V0ZQ,2022-11-05T12:00:00.000Z,,,,,,,,,,,,,,,,,,,,,7.51,7,8,,,,,,44.652336,20.931675
RQCHFQWB,2022-11-05T12:00:00.000Z,,,,,13.77,,,65,,27.86,,14,,14.32,,,31.04,,14,,13.81,13,14,,,,,,44.798746,20.450184
RQMLY1RN,2022-11-05T12:00:00.000Z,,,,,,,,,,,,,,,,,,,,,9.72,9,10,,,,,,44.011573,20.925031
